date,monetary_ni,unemp_v3_ni,monetary_wi,unemp_v3_wi
1980-06-30,1.017864561695056,1.2255920232654756,,
1980-07-31,1.6014641958361933,1.3955616563715396,,
1980-08-31,1.0008517887563886,0.8730834752981261,,
1980-09-30,0.7992388201712654,0.7040913415794481,,
1980-10-31,1.0721715474475917,0.6561049767962874,,
1980-11-30,0.859375,0.44921875,,
1980-12-31,1.3745704467353952,0.6136475208640156,,
1981-01-31,1.3453776667307322,0.768787238131847,,
1981-02-28,1.1149228130360207,0.8147512864493998,,
1981-03-31,1.0817992028847978,0.5883469349022584,,
1981-04-30,1.060070671378092,0.5104043973301924,,
1981-05-31,1.3809182209469153,0.3048780487804878,,
1981-06-30,1.1343804537521816,0.5584642233856894,,
1981-07-31,1.2757973733583492,1.0694183864915574,,
1981-08-31,0.8639308855291578,0.3599712023038157,,
1981-09-30,1.342038447587958,0.7072905331882482,,
1981-10-31,0.8622092077436146,0.7808687164470473,,
1981-11-30,0.8016032064128256,0.918503674014696,,
1981-12-31,1.045172719220549,0.8325952170062002,,
1982-01-31,1.4575645756457565,1.3099630996309963,,
1982-02-28,1.6335367053729581,1.1808699074985238,,
1982-03-31,1.3081102837593077,1.026363453411149,,
1982-04-30,0.825670857571777,0.825670857571777,,
1982-05-31,0.9487319832147417,1.0764459040321108,,
1982-06-30,1.1546469808820747,1.07893242475866,,
1982-07-31,1.0311322625421375,1.0113027959547887,,
1982-08-31,1.3379204892966363,1.2232415902140674,,
1982-09-30,1.0185739964050329,1.3980427401637707,,
1982-10-31,1.2973533990659056,2.33523611831863,,
1982-11-30,1.4509576320371445,2.302186109498936,,
1982-12-31,1.325682627621686,1.5631183221210925,,
1983-01-31,1.6949152542372883,1.5803939532753093,,
1983-02-28,1.717819514429684,1.1223087494273936,,
1983-03-31,0.9976650392697941,1.0188919549989386,,
1983-04-30,0.9597329438764866,0.7719591070310869,,
1983-05-31,0.7672117908338382,0.6662628709872804,,
1983-06-30,1.3622152746761946,0.8485931219294328,,
1983-07-31,1.543666737153732,0.6555297102981603,,
1983-08-31,1.3576674827509456,0.7567326953038058,,
1983-09-30,1.297248937597853,0.6038917468127937,,
1983-10-31,0.7411741759313439,0.5071191730056563,,
1983-11-30,0.7814065317571628,0.5810458825886595,,
1983-12-31,1.169844020797227,1.0181975736568456,,
1984-01-31,1.0666666666666667,0.8410256410256409,1.9752436133789835,1.079799841980511
1984-02-29,1.3977128335451081,0.7835662854722575,2.6013986013986012,1.2587412587412588
1984-03-31,1.1821278300941693,0.5209376878381086,2.3709167544783982,1.2644889357218125
1984-04-30,0.7465618860510806,0.5893909626719058,2.0,1.1294117647058823
1984-05-31,1.4041745730550286,0.5882352941176471,2.409351145038168,0.7633587786259541
1984-06-30,1.217719924417384,0.7558261599832038,2.9187483565606103,0.8677359978963975
1984-07-31,1.2663159945451006,0.6428988895382818,2.6711185308848076,1.4746800222593208
1984-08-31,1.268371250251661,0.5637205556674049,2.543978349120433,1.1096075778078485
1984-09-30,1.246424192889252,0.7151614221495709,1.910043130006161,1.447935921133703
1984-10-31,0.8542348237004727,0.6724827335514358,1.6666666666666667,0.9090909090909092
1984-11-30,1.2459267778416716,0.8242284838029519,2.4567280848687885,1.2562814070351758
1984-12-31,1.3921113689095128,0.6749630879561275,2.5240384615384617,1.3221153846153846
1985-01-31,1.323807522588779,0.7144358058415633,2.055877701634159,0.9488666315234581
1985-02-28,1.1587232181897682,0.5465675557498908,2.1541262135922326,1.395631067961165
1985-03-31,1.1972402597402598,0.6493506493506495,1.8054432767448125,1.1856642414443546
1985-04-30,0.9041980624327235,0.4736275565123789,1.768219832735962,1.2186379928315414
1985-05-31,0.872262066291917,0.3876720294630742,2.3674475955610355,1.627620221948212
1985-06-30,0.8164078056551176,0.33851055356431703,2.1764032073310426,1.202749140893471
1985-07-31,1.052390757263784,0.503317318691375,1.9871106337271751,1.2352309344790546
1985-08-31,0.9863588667366212,0.3147953830010493,1.5969802555168409,0.9581881533101047
1985-09-30,1.1017628205128207,0.4407051282051282,2.391629297458894,1.6442451420029895
1985-10-31,0.923076923076923,0.34615384615384615,2.218741842860872,1.2007308796658835
1985-11-30,0.7100149476831091,0.2615844544095665,1.8669075579644687,0.6925624811803675
1985-12-31,0.9849470358669392,0.33451031406801707,2.2799422799422797,1.1255411255411256
1986-01-31,1.4041745730550286,0.7969639468690701,2.212138400453772,1.2762336925694837
1986-02-28,0.9271779022599962,0.6181186015066641,2.177293934681182,1.4930015552099534
1986-03-31,1.0978956999085088,0.43915827996340345,2.0075647366889733,1.3674716322374163
1986-04-30,0.9224091155724362,0.30746970519081207,2.052334530528476,0.8978963571062082
1986-05-31,0.8425959125134456,0.32269630692004303,1.9068373740125304,1.0623808226641243
1986-06-30,0.9231905465288034,0.4615952732644017,2.20917225950783,1.1465324384787472
1986-07-31,1.2366818873668186,0.7039573820395738,2.284471036170791,1.0606472667935818
1986-08-31,0.9179265658747301,0.3419726421886249,2.4157470921562783,0.9841932597673726
1986-09-30,1.197373503283121,0.6179992275009656,2.160681679853926,1.3998782714546563
1986-10-31,0.6219312602291326,0.3436988543371522,1.5756302521008405,0.9191176470588236
1986-11-30,0.6699879745748153,0.41230029204604024,1.4894250819183796,1.161751563896336
1986-12-31,0.684395776300352,0.33242080563159954,1.4659685863874345,0.8900523560209423
1987-01-31,0.9723842862699339,0.7195643718397511,2.067336089781453,1.3290017720023626
1987-02-28,0.8301275561854627,0.4454342984409799,2.258269720101781,1.11323155216285
1987-03-31,0.5785920925747348,0.4435872709739633,1.4705882352941175,1.0076252723311545
1987-04-30,0.9961685823754789,0.4022988505747126,2.031969655919805,0.8398807911135193
1987-05-31,0.7099945385035501,0.40050973966866926,2.2084805653710244,1.3545347467608952
1987-06-30,1.0571736785329018,0.6256742179072277,2.049293824425367,1.0800332317917474
1987-07-31,0.9712750568299235,0.5992973754908039,1.8384401114206128,1.1420612813370474
1987-08-31,0.7402837754472549,0.5552128315854411,1.5964240102171137,1.0855683269476373
1987-09-30,0.9387668017921912,0.5333902282910178,2.0827044974343494,1.5092061575611226
1987-10-31,1.512322628827483,0.42942494398805076,2.9164329781267524,1.093662366797532
1987-11-30,1.0311211098612671,0.41244844394450686,2.6724673710379117,1.2119328775637042
1987-12-31,1.1749347258485638,0.6309834638816362,2.2879464285714284,1.6741071428571426
1988-01-31,1.0689794271883823,0.3428801936264622,1.9562043795620436,1.284671532846715
1988-02-29,1.2389015073301672,0.5368573198430725,2.5036818851251845,1.3254786450662739
1988-03-31,0.8651199370821864,0.39323633503735744,2.0429009193054135,1.2257405515832482
1988-04-30,0.8784773060029283,0.29282576866764276,1.9376579612468408,1.2075259758494805
1988-05-31,0.9578153658039535,0.6928877114326473,2.2613065326633164,1.9262981574539362
1988-06-30,0.7509118214975327,0.3218193520703711,1.6791044776119406,1.0927505330490406
1988-07-31,1.0391686650679457,0.5595523581135092,1.9126463031687124,1.5415358264344845
1988-08-31,1.1817440912795436,0.46862265688671556,2.8187919463087248,1.74496644295302
1988-09-30,0.9174311926605504,0.4805591961555264,1.9018743109151048,1.708930540242558
1988-10-31,0.7068452380952381,0.37202380952380953,1.7889551464869071,1.4519056261343013
1988-11-30,1.21580547112462,0.4559270516717325,3.0752333882482152,1.2630422844590885
1988-12-31,1.1812812358019082,0.2726033621081327,2.6173772261198054,1.1332973556395034
1989-01-31,1.3138985834530899,0.4105933073290906,3.0479357162648935,1.5793848711554448
1989-02-28,1.2383228329350424,0.282424505757115,3.757575757575758,1.0
1989-03-31,1.3555383423702556,0.3872966692486445,3.4128817038747754,1.1547344110854503
1989-04-30,0.7852901742961118,0.24899444550852326,2.486874827300359,1.298701298701299
1989-05-31,1.2650602409638554,0.30120481927710846,2.479770294962151,1.2268337248760115
1989-06-30,1.2757385854968666,0.3133393017009848,2.8711846870150026,1.189860320744956
1989-07-31,0.9883970777825526,0.3437902879243661,3.4342258440046565,1.2514551804423748
1989-08-31,0.9288579269579903,0.4433185560481317,2.7253103076092824,1.187263896384242
1989-09-30,0.8582695430294597,0.3015541637671075,2.2530329289428073,1.0398613518197575
1989-10-31,0.9706814580031696,0.277337559429477,2.634351949420443,0.9483667017913594
1989-11-30,1.025331724969843,0.30156815440289503,2.8683914510686166,1.0123734533183353
1989-12-31,0.9697789806044204,0.4510599909788001,2.929860905593371,1.5093222846996153
1990-01-31,0.9020618556701031,0.45103092783505155,2.690707350901526,1.2760055478502081
1990-02-28,0.9233412067854843,0.5153532316942238,1.8659076533839343,1.0436432637571156
1990-03-31,0.6484295845997973,0.22289766970618033,2.1751254880089235,1.28276631344116
1990-04-30,0.5647438483259378,0.28237192416296886,1.3737836290784202,1.5168860904407555
1990-05-31,0.9180054245775089,0.500730231587732,1.949703306018649,0.9889799378355467
1990-06-30,0.9475387104229258,0.27732840305061246,2.0005971931919975,1.3735443415945057
1990-07-31,1.0774410774410774,0.5611672278338945,3.345498783454987,1.4598540145985401
1990-08-31,1.1882998171846435,0.38848263254113347,2.7972027972027975,1.3694638694638694
1990-09-30,0.9882352941176469,0.588235294117647,2.458241411913016,1.4182161991805862
1990-10-31,1.019346785937175,0.41605991262741837,2.5984462898473075,1.2590409858023037
1990-11-30,1.0161662817551964,0.5542725173210162,3.1314018144571265,1.3462101258413814
1990-12-31,1.0778443113772458,0.5748502994011977,3.0663329161451816,1.72090112640801
1991-01-31,1.596130592503023,0.6287787182587666,1.4578271433530023,1.0760152724748353
1991-02-28,1.201923076923077,0.5288461538461539,1.3550135501355014,1.0452961672473868
1991-03-31,1.0165484633569741,0.5200945626477542,1.0003449465332874,1.0693342531907555
1991-04-30,1.4827846192510679,0.8042221663734606,1.2749264465511607,1.0460934946060805
1991-05-31,0.9903381642512078,0.7971014492753624,1.3623094388582548,1.2974375608173856
1991-06-30,0.7751937984496124,0.7517030772844727,0.8249641319942611,1.0401721664275465
1991-07-31,1.10603510459245,0.7453714835296945,0.6986027944111777,1.3306719893546242
1991-08-31,1.3015184381778744,0.723065798987708,1.183206106870229,1.33587786259542
1991-09-30,0.9954555291062541,0.7574118156243238,1.3473053892215567,1.0104790419161678
1991-10-31,1.0831122900088417,1.0167992926613616,1.126331811263318,1.126331811263318
1991-11-30,1.258741258741259,1.1655011655011656,1.3923598714744734,1.320956801142449
1991-12-31,1.4058956916099772,0.9070294784580498,1.8010963194988252,1.7227877838684416
1992-01-31,1.314060446780552,1.0074463425317566,1.3929381276320054,1.6520894071914483
1992-02-29,1.2076660540824364,1.0501443948542926,1.1587078651685394,1.4747191011235954
1992-03-31,0.7211538461538461,0.9415064102564102,0.9318766066838046,1.2532133676092545
1992-04-30,0.9963960144159425,0.7843968624125505,0.5319148936170213,1.4080100125156443
1992-05-31,0.7001909611712286,0.7638446849140675,1.2093987560469939,1.7277125086385627
1992-06-30,0.7356321839080461,0.8045977011494254,1.0819672131147542,1.5737704918032789
1992-07-31,1.518987341772152,1.6202531645569622,1.133578431372549,1.6544117647058825
1992-08-31,0.9957003847024214,0.7694048427245984,0.7838745800671892,1.9036954087346023
1992-09-30,1.1450381679389314,1.2881679389312977,0.8662508662508661,1.8018018018018018
1992-10-31,0.8822322527697989,1.04636848584325,1.2580645161290323,1.3225806451612903
1992-11-30,0.5462093074065981,0.8302381472580291,1.2587930396149574,1.5179563124768602
1992-12-31,0.893503984544796,0.9900990099009901,1.1798355380765104,1.3228459063282088
1993-01-31,0.7447973713033955,0.6571741511500547,0.9626064420584968,1.3328396890040726
1993-02-28,0.8443009684628757,0.9187981127390117,1.0618820944708898,1.8308311973636031
1993-03-31,0.5213764337851928,0.6256517205422314,0.949367088607595,1.1708860759493671
1993-04-30,0.5956635692161067,0.619490111984751,0.41841004184100417,1.2552301255230125
1993-05-31,0.8223684210526316,0.7518796992481204,0.9018759018759018,1.1544011544011543
1993-06-30,1.014098441751175,0.7914914667326243,0.8940852819807428,1.2379642365887207
1993-07-31,0.7092198581560284,0.6358522866226461,0.767888307155323,1.5008726003490402
1993-08-31,0.7940327237728585,0.7459095283926853,0.7543103448275862,1.5804597701149425
1993-09-30,0.6297559695617948,0.6297559695617948,1.0377032168799725,1.7295053614666207
1993-10-31,0.34893267651888343,0.8004926108374384,0.629555997349238,1.855533465871438
1993-11-30,0.5795809184128399,0.8916629514043691,1.0962658444672833,1.7814319972593353
1993-12-31,0.6532663316582914,0.6281407035175879,1.4316392269148175,1.5390121689334288
1994-01-31,0.9713338071547026,0.8054963278843876,0.965665236051502,1.7525035765379111
1994-02-28,1.2731801826736784,0.6089122612787158,1.349787890474354,1.3112225221750866
1994-03-31,1.7069701280227596,0.6401137980085349,0.9582477754962355,1.5742642026009583
1994-04-30,1.3613861386138615,0.5445544554455446,1.0634257500949487,1.2913026965438665
1994-05-31,1.6224862888482632,0.7541133455210237,1.3412816691505216,1.8628912071535024
1994-06-30,1.6423841059602646,0.7152317880794702,0.9776536312849161,1.0125698324022345
1994-07-31,1.3411078717201166,0.6122448979591837,1.0647359454855196,0.8943781942078365
1994-08-31,1.5346534653465347,0.3217821782178218,2.411021814006889,1.722158438576349
1994-09-30,1.4466070489216203,0.6575486586007364,1.9855595667870034,2.1058965102286398
1994-10-31,0.9025270758122745,0.5866425992779783,1.5683814303638648,1.6311166875784195
1994-11-30,1.4045590605572185,0.5295878425051808,2.4009603841536613,2.4009603841536613
1994-12-31,1.7624521072796933,0.4597701149425287,1.972872996300863,2.034525277435265
1995-01-31,2.2940305870744946,0.8140108534780464,2.114029468289558,2.498398462524023
1995-02-28,1.6911560853895202,0.637649015802606,1.874595992243051,2.3270846800258562
1995-03-31,1.3812154696132595,0.5064456721915285,1.4664410603496898,1.2972363226170334
1995-04-30,0.8832399827660492,0.40930633347694967,1.179554390563565,1.5727391874180865
1995-05-31,0.9750566893424037,0.6122448979591837,1.8650575973669774,1.7004936917169502
1995-06-30,1.3564213564213565,0.4329004329004329,2.1615472127417523,1.6496018202502845
1995-07-31,0.7615970459266097,0.276944380336949,1.3265950726468732,1.0107391029690462
1995-08-31,0.888888888888889,0.32748538011695905,1.0832383124287346,1.7103762827822122
1995-09-30,0.662251655629139,0.43301069791136015,1.5980331899200981,1.4136447449293177
1995-10-31,0.6692693809258227,0.39040713887339656,1.5743440233236152,1.924198250728863
1995-11-30,0.5900349650349651,0.21853146853146851,1.4602803738317756,1.5771028037383177
1995-12-31,0.8207070707070707,0.4419191919191919,1.4678899082568806,2.018348623853211
1996-01-31,0.5903723887375113,0.7493188010899182,1.3850415512465373,1.3850415512465373
1996-02-29,0.7548845470692717,0.4440497335701598,1.6079158936301794,1.7316017316017314
1996-03-31,0.4184934236747707,0.3786369071343164,1.2266355140186918,1.752336448598131
1996-04-30,0.17137960582690662,0.14995715509854327,1.515151515151515,1.402918069584736
1996-05-31,0.40511727078891263,0.255863539445629,1.1375947995666305,0.704225352112676
1996-06-30,0.4959034066407934,0.32341526520051744,1.0828025477707008,1.7834394904458601
1996-07-31,0.39479795633999076,0.3483511379470507,1.7761989342806392,2.013025458851391
1996-08-31,0.5344021376085505,0.5121353818748609,2.459508098380324,2.279544091181764
1996-09-30,0.5531914893617021,0.4893617021276596,2.416918429003021,1.8126888217522659
1996-10-31,0.390535263036986,0.390535263036986,0.8733624454148471,1.965065502183406
1996-11-30,0.258762644083745,0.32933427428840273,1.4465408805031448,1.886792452830189
1996-12-31,0.35816618911174786,0.38204393505253104,1.656441717791411,1.840490797546012
1997-01-31,0.6183527083848627,0.46994805837249565,1.8443804034582132,1.8443804034582132
1997-02-28,0.6439979392065945,0.6955177743431221,1.4668367346938773,1.658163265306122
1997-03-31,0.6170018281535649,0.7084095063985375,2.172636523781562,1.3505578391074575
1997-04-30,0.4730368968779564,0.5439924314096499,1.7623649801023311,1.8192154633314386
1997-05-31,0.6174305390643553,1.0686297791498456,1.9020172910662827,2.1902017291066285
1997-06-30,0.328484279680901,0.8916001877053026,1.3400335008375208,2.568397543271915
1997-07-31,0.5704365079365079,0.6944444444444444,1.2768427161926872,1.9152640742890308
1997-08-31,0.658697243230056,0.5611124664552329,1.4084507042253522,2.204531537048377
1997-09-30,0.37825059101654845,0.5200945626477541,1.070154577883472,1.6646848989298455
1997-10-31,0.771604938271605,0.9038800705467374,2.0963172804532575,1.5864022662889519
1997-11-30,0.52413190652981,0.5459707359685522,1.2468827930174562,2.2443890274314215
1997-12-31,0.36852373726425325,0.8020810752221981,1.6713091922005572,2.3398328690807797
1998-01-31,0.6311207834602829,0.6964091403699673,1.623571858087793,2.2248947684906795
1998-02-28,0.5010737294201861,0.6442376521116678,1.3071895424836601,2.1568627450980395
1998-03-31,0.4724732949876746,0.5341002465078062,1.1937059142702118,1.8448182311448726
1998-04-30,0.4213794632956309,0.39920159680638717,1.718582169709989,1.987110633727175
1998-05-31,0.5330490405117271,0.6183368869936035,1.9395322304620652,2.6811180832857957
1998-06-30,0.38601271571298823,0.7493188010899182,1.2896292315959161,2.364320257925846
1998-07-31,0.5381375760411792,0.6083294337856808,2.0152505446623095,2.396514161220044
1998-08-31,0.37980339588918677,0.31277926720285965,2.01765447667087,2.01765447667087
1998-09-30,1.2826282628262826,0.6300630063006301,2.513150204558738,2.6300409117475163
1998-10-31,0.9621692543188278,0.5904220424229171,2.559726962457338,2.1046643913538112
1998-11-30,0.4145077720207254,0.2694300518134715,1.3398294762484775,2.009744214372716
1998-12-31,0.4690248192300176,0.6644518272425249,1.698886936145284,2.8119507908611596
1999-01-31,0.7568406753347565,0.6598098195226082,2.1315468940316684,2.3142509135200973
1999-02-28,0.7974137931034482,0.5818965517241379,2.1153846153846154,2.4358974358974357
1999-03-31,0.5340189873417721,0.5537974683544303,1.1689691817215728,1.9659936238044633
1999-04-30,0.45360045360045365,0.5292005292005292,1.2972972972972974,1.7297297297297298
1999-05-31,0.80078125,0.44921875,1.829988193624557,2.0070838252656436
1999-06-30,0.9131493506493505,0.588474025974026,2.2111663902708676,2.321724709784411
1999-07-31,1.0101010101010102,0.7154882154882154,2.2805017103762824,2.1094640820980612
1999-08-31,1.3005780346820808,0.49545829892650706,1.5691007845503926,1.6898008449004225
1999-09-30,1.082656672912763,0.6870705808869457,2.2362385321100917,1.43348623853211
1999-10-31,0.8610332398878655,0.6407689227072487,1.8685955394816156,1.9288728149487644
1999-11-30,0.8836826962597614,0.7398273736128236,1.89328743545611,2.1801491681009755
1999-12-31,0.6871463217461601,0.7073565076798707,1.6637980493402182,1.7785427423981643
2000-01-31,0.8093889113719142,0.6475111290975313,2.550686723348594,2.223675604970569
2000-02-29,0.9517629245078952,0.43261951113995245,2.6623376623376624,2.207792207792208
2000-03-31,1.0384012539184952,0.5877742946708464,2.5549613784907903,1.48544266191325
2000-04-30,0.5681818181818181,0.5073051948051948,2.1386430678466075,1.7699115044247786
2000-05-31,0.39525691699604737,0.6045105789351313,3.036693378321383,1.3918177983973006
2000-06-30,0.3606853020739405,0.47339945897204694,3.1132581857219535,2.1470746108427265
2000-07-31,0.5488705932024488,0.506649778340722,2.668360864040661,2.3506988564167726
2000-08-31,0.818815331010453,0.5226480836236934,3.414028553693359,1.8001241464928617
2000-09-30,0.5263157894736842,0.543859649122807,1.6038492381716118,1.4434643143544506
2000-10-31,0.47048110487175593,0.5160115343754743,1.9751280175566934,1.280175566934894
2000-11-30,0.5438888049554312,0.28705242483758875,1.4964459408903854,1.3093901982790872
2000-12-31,1.0163227594702802,0.6467508469356329,3.024830699774266,1.580135440180587
2001-01-31,1.3438451890342233,0.48378426805232033,3.674540682414698,1.7497812773403325
2001-02-28,1.379590180564009,0.44633799959423814,2.200488997555012,1.7114914425427874
2001-03-31,1.3209568011424493,0.6961799357372368,2.9553264604810994,1.7182130584192437
2001-04-30,0.9213051823416507,0.6142034548944337,1.9388194743644982,1.3787160706591988
2001-05-31,0.7002334111370456,0.43347782594198064,1.8135807676086042,1.7292281737663435
2001-06-30,0.6389224658953548,0.5180452426178552,1.6491067338524967,1.7407237746220798
2001-07-31,0.4259094942324756,0.49689440993788825,1.752021563342318,1.8867924528301885
2001-08-31,0.7290867229470454,0.5947812739831159,3.937007874015748,2.0622422197225343
2001-09-30,1.152465520498772,0.8312866049499339,4.027717626678216,2.208748375920312
2001-10-31,0.7184628237259816,0.6516290726817043,3.350350989151244,2.4888321633694956
2001-11-30,0.6810829218457348,0.6300017027073047,3.6649214659685865,2.505609573672401
2001-12-31,0.37794193437553686,0.8074214052568287,2.5401069518716577,2.6737967914438503
2002-01-31,0.8045977011494252,0.6130268199233716,4.541832669322709,2.788844621513944
2002-02-28,0.40758100672508657,0.550234359078867,2.8904227782571184,1.8550474547023295
2002-03-31,0.7380073800738007,0.3514320857494289,3.9306358381502893,1.7341040462427746
2002-04-30,0.2926115581565472,0.4206291148500366,2.732829917295937,1.5821646889608054
2002-05-31,0.3077480086893556,0.27154236060825493,2.1641791044776117,1.7537313432835822
2002-06-30,0.20731247644176404,0.3015454202789295,2.361275088547816,1.4167650531286895
2002-07-31,0.5561072492552135,0.45680238331678247,2.5818882466281314,1.502890173410405
2002-08-31,0.668693009118541,0.668693009118541,4.0,1.8901098901098903
2002-09-30,0.5006489894307435,0.6119043204153533,3.1753336401288537,2.4850437183617116
2002-10-31,0.5413901501921062,0.5413901501921062,2.361005331302361,2.1706016755521707
2002-11-30,0.6704113063960863,0.5073382859213625,4.12725709372313,1.891659501289768
2002-12-31,0.33033584143879613,0.5322077445402825,2.7522935779816513,2.385321100917431
2003-01-31,0.4372623574144487,0.6653992395437263,2.4754588134869824,1.9632949210413997
2003-02-28,0.45508508112386237,0.41551246537396125,2.007469654528478,1.6339869281045751
2003-03-31,0.3465603881476348,0.4158724657771617,2.7331189710610935,1.607717041800643
2003-04-30,0.3405017921146954,0.4480286738351255,1.7483846446218168,1.6723679209426072
2003-05-31,0.8164780107626647,0.7608090554833921,3.9685820587019434,1.8189334435717237
2003-06-30,0.859453993933266,0.572969329288844,5.587329520457545,2.287725472943247
2003-07-31,0.488599348534202,0.7419471588852696,3.5115722266560256,2.4740622505985637
2003-08-31,0.3833420456525528,0.4704652378463147,2.684277801448658,2.130379207498935
2003-09-30,0.4293381037567085,0.5008944543828265,2.4652087475149105,1.709741550695825
2003-10-31,0.5348487380912585,0.6017048303526659,2.3389830508474576,2.3728813559322033
2003-11-30,0.2220324508966695,0.5123825789923143,2.12860310421286,1.3747228381374723
2003-12-31,0.5243838489774515,0.5768222338751967,3.5655737704918034,1.8032786885245902
2004-01-31,0.6590666191663698,0.48094050587816173,3.6904761904761902,1.9841269841269842
2004-02-29,0.47109983692697954,0.45298061242978804,3.2414910858995136,1.539708265802269
2004-03-31,0.603400987383434,0.7131102578167855,2.9835390946502054,1.3031550068587106
2004-04-30,0.7161703731624575,0.39577836411609496,4.782146652497343,1.4169323414806945
2004-05-31,0.752405949256343,0.5074365704286963,3.8924558587479927,1.364365971107544
2004-06-30,0.9440947797112181,0.38874490929285455,5.349013657056146,1.213960546282246
2004-07-31,0.4670379019220406,0.5748158792886653,3.847576766555679,1.2578616352201257
2004-08-31,0.4454774355994577,0.5229517722254503,3.045473508552357,1.5018773466833544
2004-09-30,0.4640839386602098,0.5246166263115416,3.405346027096302,1.281581838154522
2004-10-31,0.12131715771230504,0.3639514731369151,2.252413299964247,1.3943510904540577
2004-11-30,0.4023335345001006,0.26151679742506534,3.618545043347154,0.9423294383716546
2004-12-31,0.3506721215663355,0.44808104422365086,3.0018083182640143,1.0488245931283906
2005-01-31,0.4157592555929519,0.3167689566422491,2.985624769627718,1.400663472171028
2005-02-28,0.4191114836546522,0.3143336127409891,3.5728155339805823,1.3592233009708736
2005-03-31,0.4770992366412214,0.3435114503816794,3.976886471787899,0.9517335146159074
2005-04-30,0.5590900327742433,0.40485829959514164,3.6090225563909772,0.9022556390977444
2005-05-31,0.4502814258911819,0.33771106941838647,4.058078927773641,1.154132539091586
2005-06-30,0.4637096774193548,0.36290322580645157,3.673769287288758,1.2123438648052902
2005-07-31,0.4750593824228028,0.3562945368171021,3.377036154151768,1.4700039729837107
2005-08-31,0.5462184873949579,0.5672268907563025,3.5368577810871185,1.0796723752792254
2005-09-30,0.5123339658444024,0.4554079696394687,3.5475939585528624,1.2644889357218125
2005-10-31,0.5098187311178248,0.22658610271903323,3.5392320534223707,1.0350584307178632
2005-11-30,0.6033789219629928,0.40225261464199524,2.723463687150838,0.9427374301675978
2005-12-31,0.6126199714110679,0.4288339799877475,3.07311903920876,1.0596962204168139
2006-01-31,0.5261027923917443,0.2428166734115743,3.8831492696829355,1.4250089063056643
2006-02-28,0.5458515283842795,0.2838427947598253,3.0091743119266057,0.8807339449541285
2006-03-31,0.47911077041011885,0.30663089306247604,3.1953048581675905,0.945549396804695
2006-04-30,0.3431570448122729,0.24222850222042794,3.143063583815029,1.1921965317919077
2006-05-31,0.5044390637610976,0.2824858757062147,3.5075653370013753,0.9284731774415406
2006-06-30,0.9056444818871103,0.18955349620893006,4.450625869262866,0.9388038942976358
2006-07-31,0.4935622317596567,0.40772532188841204,3.958564557898631,0.8509064002959674
2006-08-31,0.7785467128027682,0.34602076124567477,4.049416609471516,0.7892930679478379
2006-09-30,0.308641975308642,0.3703703703703704,3.1226765799256504,0.8178438661710038
2006-10-31,0.4145282273983419,0.3355704697986577,3.8325053229240593,1.0645848119233499
2006-11-30,0.44570502431118314,0.3444084278768233,3.10445580715851,1.0226442658875092
2006-12-31,0.5001000200040009,0.22004400880176037,2.929373996789727,1.043338683788122
2007-01-31,0.6604747162022705,0.28895768833849333,3.8699053108275008,1.2762453684643886
2007-02-28,0.6584723441615452,0.1755926251097454,3.9651416122004357,1.0893246187363834
2007-03-31,0.7086764987550278,0.3639149588201494,3.721622627465575,1.2653516933382956
2007-04-30,0.26099176872114027,0.32122063842601883,2.804520719966513,1.4231896190874844
2007-05-31,0.42262024552223787,0.14087341517407928,2.9766390354182364,1.1303692539562922
2007-06-30,0.5532503457814661,0.17783046828689983,3.158736505397841,1.1195521791283487
2007-07-31,0.3965392934390772,0.14419610670511895,2.573048408198866,1.177496729175752
2007-08-31,1.3921533176640752,0.2711986982462484,4.752629528632645,1.2465913517724971
2007-09-30,1.1741329479768787,0.21676300578034682,5.32319391634981,0.8449514152936206
2007-10-31,0.997822931785196,0.3809869375907111,3.4684191310697337,0.9492515516611901
2007-11-30,1.158161418747738,0.21715526601520088,3.8,0.64
2007-12-31,0.7949713440562027,0.258827879460159,4.305043050430505,1.189011890118901
2008-01-31,1.961938395134393,0.5885815185403178,6.183290393816709,1.6930437983069557
2008-02-29,0.9486492060218603,0.3505877500515571,5.168539325842697,1.2734082397003745
2008-03-31,1.5195898938117907,0.3295496155254486,6.333567909922589,0.8796622097114708
2008-04-30,1.2026813880126184,0.45347003154574134,5.114923923599871,1.3272903852379412
2008-05-31,0.9922603691208575,0.33736852550109153,3.6608863198458574,1.1881824020552345
2008-06-30,1.0170195101701953,0.37359900373599003,4.513064133016627,1.6287750254496098
2008-07-31,1.141749246014649,0.5170185264971995,3.6893203883495143,1.2944983818770226
2008-08-31,0.9486847779215178,0.4527813712807245,2.694406548431105,0.9208731241473397
2008-09-30,2.3164426059979317,0.6411582213029988,5.649717514124293,2.326354270521768
2008-10-31,2.2235000958405213,1.2459267778416714,5.750080308384196,1.8952778670093156
2008-11-30,1.2468827930174566,1.0550546710147708,4.136833731105807,2.903739061256961
2008-12-31,1.5922249793217536,0.9925558312655087,5.214723926380367,2.7990797546012267
2009-01-31,1.1510791366906477,1.1921891058581708,4.182509505703422,3.193916349809886
2009-02-28,1.271003877638949,1.2925463162429986,3.225806451612903,3.5798583792289533
2009-03-31,1.8192722910835664,1.139544182327069,5.822043207616258,3.4785792749908455
2009-04-30,1.2144053601340035,1.4028475711892796,3.9625360230547555,3.206051873198847
2009-05-31,1.0540970564836913,0.9148766905330151,4.239877769289533,2.482811306340718
2009-06-30,1.34733957524549,1.3245033112582782,4.952456418383518,3.248811410459588
2009-07-31,0.9216589861751153,1.119157340355497,3.854790419161677,3.854790419161677
2009-08-31,0.9190764402600313,1.501905402376149,3.979099678456591,3.4163987138263665
2009-09-30,1.0263275323516288,1.3386880856760375,3.7211124167645906,3.2119075597336466
2009-10-31,0.99116569704805,1.379013143719026,4.033736707004033,2.97029702970297
2009-11-30,0.9915611814345991,1.7088607594936709,4.714226115978307,4.755944931163955
2009-12-31,1.1065307008027772,1.1933174224343674,4.758096761295482,4.238304678128748
2010-01-31,1.3112639724849529,1.354256233877902,4.897446630389284,3.8509836751778983
2010-02-28,1.1036468330134357,1.4155470249520152,4.647160068846816,3.78657487091222
2010-03-31,1.232631107126849,1.3222770058269833,3.7715122665690224,3.441962651043574
2010-04-30,1.3504234378576334,1.0986495765621422,3.562247521116416,3.0481087036356964
2010-05-31,1.0614772224679345,1.017249004865104,2.779573367808662,2.2301228183581125
2010-06-30,0.9257061476382625,1.091858533111797,2.6797829036635004,2.5780189959294435
2010-07-31,0.955794504181601,1.4814814814814816,2.481902792140641,3.1713202344019304
2010-08-31,1.1513552410650036,1.6071000239865676,3.135019593872462,2.6718916993231208
2010-09-30,1.0585585585585586,1.6441441441441442,3.1729785056294784,3.445922893210508
2010-10-31,1.1257848019051744,1.8185754492314354,3.281792363521616,2.7137898390659516
2010-11-30,2.0459195271652644,1.6367356217322118,4.423495286439449,3.1544597534445256
2010-12-31,1.3971598717361429,0.5038937242327073,3.3431300514327704,2.828802351212344
2011-01-31,0.6759801712483101,0.31545741324921134,3.0066815144766146,2.9695619896065333
2011-02-28,1.0327022375215147,1.9178755839685273,2.3046875,2.5390625
2011-03-31,1.0162162162162163,1.1243243243243244,2.089360334297653,1.9286403085824488
2011-04-30,0.8865651284382814,0.8183678108661058,3.0695770804911326,2.2169167803547065
2011-05-31,0.7872293898972228,0.7653619068445221,2.3566654941962715,1.5476609215617307
2011-06-30,1.0623556581986142,1.4549653579676673,3.0712116098548763,2.3962200472494093
2011-07-31,0.8936755270394133,1.1915673693858846,2.112676056338028,2.965159377316531
2011-08-31,1.8945834345397132,1.8217148409035704,4.701307882644044,3.6762106751502297
2011-09-30,1.484696208314299,1.7587939698492463,3.6641764496620426,3.272856634649591
2011-10-31,1.0810810810810811,1.189189189189189,2.4607703281027105,3.4950071326676175
2011-11-30,1.0608856088560885,1.3376383763837638,2.456538170823885,3.3635676492819355
2011-12-31,0.9090909090909091,0.9772727272727273,2.3827252419955323,2.643335815338794
2012-01-31,0.7147643511279875,1.2285012285012284,2.661010412649441,2.9309679907443122
2012-02-29,0.881704628949302,1.224589762429586,2.523659305993691,2.8391167192429023
2012-03-31,0.935005701254276,1.3911060433295324,2.824664140544264,2.5490871512228725
2012-04-30,0.8815820824398377,1.1436740528949247,2.7756939234808704,2.363090772693173
2012-05-31,0.5959202383680954,0.8709603483841394,1.9020781965480804,2.3952095808383236
2012-06-30,1.1642008246422506,1.5522677661896676,1.9209039548022597,2.711864406779661
2012-07-31,1.2925677355207557,1.14342530449913,2.437137330754352,2.5918762088974856
2012-08-31,1.0481181515007147,1.2148642210576466,2.7167845180498698,2.4934871604019353
2012-09-30,0.9615384615384617,1.3864042933810377,2.9270248596631916,2.285485164394547
2012-10-31,1.0736196319018405,1.730937773882559,2.507947721653126,2.437301306958672
2012-11-30,0.5970809376382132,1.149933657673596,2.079322294955718,2.502887947631883
2012-12-31,0.9105766985757646,0.9105766985757645,2.8025995125913887,1.9090170593013807
2013-01-31,0.9465215333648842,1.0411736867013726,2.663622526636225,2.0928462709284625
2013-02-28,0.8924264351181861,0.964785335262904,2.46758678377248,2.0075282308657467
2013-03-31,0.945829750644884,1.0533104041272572,2.695902228612509,1.8691588785046729
2013-04-30,1.0922612131071345,1.2781780153381361,1.8214285714285716,1.7142857142857144
2013-05-31,1.1271415689810638,1.1947700631199276,2.6297085998578535,1.4570007107320542
2013-06-30,1.3101374570446733,1.3530927835051547,4.008826774549467,1.8021331371827878
2013-07-31,1.5012323549182163,1.2099484651579655,3.805970149253731,1.9776119402985075
2013-08-31,1.6835793357933577,0.853321033210332,3.051470588235294,2.205882352941176
2013-09-30,1.4539930555555556,1.1284722222222223,4.153354632587859,1.7571884984025559
2013-10-31,1.1974832555307489,1.0351126446113255,3.472714386959603,1.700921332388377
2013-11-30,0.9308229320922362,1.0365982652845358,2.8483448806774443,1.6166281755196306
2013-12-31,1.1854360711261642,1.121930567315834,3.6416910841356214,2.302218501465048
2014-01-31,1.1441647597254003,1.3958810068649883,2.9742765273311895,2.2508038585209
2014-02-28,1.1482521051288594,1.0972186782342435,3.0456852791878175,2.072758037225042
2014-03-31,0.8122941822173436,0.8781558726673984,2.1060549078600976,1.805189921022941
2014-04-30,0.9959257582616569,0.8374830239927569,2.909090909090909,1.309090909090909
2014-05-31,1.1962782454585732,1.1962782454585734,2.3341978510559467,1.1115227862171173
2014-06-30,0.7023108291798822,0.9968282736746714,2.526648243189893,1.6186340307935252
2014-07-31,1.0550996483001172,0.7502930832356389,2.618595825426945,1.4041745730550286
2014-08-31,0.878003696857671,0.8086876155268021,2.504816955684008,1.464354527938343
2014-09-30,1.1409395973154364,0.9395973154362417,3.338570306362922,1.3747054202670854
2014-10-31,1.3352806175672856,1.0014604631754642,3.121597096188748,1.6333938294010892
2014-11-30,0.783630822812364,0.914235959947758,2.3246160232461603,1.28684101286841
2014-12-31,1.0266940451745379,0.9126169290440338,3.19672131147541,1.8032786885245904
2015-01-31,1.144859813084112,1.074766355140187,3.079416531604538,1.944894651539708
2015-02-28,0.7167572911517548,0.889767671774592,2.5010780508840016,1.2074169900819318
2015-03-31,1.3592233009708738,0.7982740021574973,3.0980392156862746,1.5294117647058825
2015-04-30,0.8051529790660226,0.8281573498964804,2.300150829562594,1.0558069381598794
2015-05-31,0.9096960284002662,0.7765697803416907,2.384737678855326,1.4705882352941178
2015-06-30,1.038470616001888,0.8260561718196836,3.571428571428571,1.281055900621118
2015-07-31,0.932975221632101,0.932975221632101,2.9929940243148567,1.730888110447146
2015-08-31,1.1249999999999998,0.7749999999999999,3.110742430526752,1.244296972210701
2015-09-30,1.2700534759358286,0.8244206773618538,3.2915360501567394,1.7449106771915246
2015-10-31,1.0274977982190039,0.5753987670026421,2.4392743671210413,1.1837655016910935
2015-11-30,0.9979587207983669,0.7484690405987752,3.7435456110154903,1.161790017211704
2015-12-31,1.2957490338713342,0.8865651284382814,4.87908358082308,1.6546457361052185
2016-01-31,0.7556675062972292,0.7098694756125487,3.378956372968349,1.2403763900769889
2016-02-29,0.6510730648661683,0.5305039787798409,3.3376679670567833,1.2570437798006069
2016-03-31,0.6376429199648197,0.5716798592788039,2.1788990825688073,1.1085626911314985
2016-04-30,0.748069498069498,0.6756756756756757,3.2574568288854002,0.8634222919937206
2016-05-31,0.5424528301886794,1.037735849056604,2.414654454621149,0.9991673605328891
2016-06-30,1.229193341869398,0.8450704225352113,3.820816864295125,0.966183574879227
2016-07-31,0.40170725583730854,0.37660055234747675,1.8301982714794103,1.0167768174885612
2016-08-31,0.819672131147541,0.702576112412178,2.803738317757009,1.3815522145469321
2016-09-30,0.8831168831168832,0.5454545454545454,3.242388295769079,1.3048635824436536
2016-10-31,0.772104607721046,0.398505603985056,2.6285272516428297,1.0436799381522999
2016-11-30,0.8463369478973817,0.608304681301243,3.280141843971631,1.2411347517730495
2016-12-31,0.9446693657219973,0.8097165991902835,4.77815699658703,1.462701121404193
2017-01-31,0.4951785248892364,0.6254886630179828,3.7650602409638556,1.706827309236948
2017-02-28,0.6237595690388432,0.4252906152537568,3.229278794402583,1.4531754574811626
2017-03-31,0.8451404424558785,0.7954262987820033,3.898458748866727,1.3599274705349047
2017-04-30,0.7159904534606205,0.6099177936886767,3.266090297790586,1.1527377521613835
2017-05-31,0.8196628769489575,0.6706332629582379,2.4833202314002945,2.217250206607406
2017-06-30,0.8090614886731391,0.5663430420711975,2.6149684400360687,1.668169522091975
2017-07-31,0.9100937672366245,0.5239933811362383,3.0999999999999996,1.15
2017-08-31,0.7401081696555651,0.6547110731568461,2.364864864864865,1.8822393822393826
2017-09-30,0.6685236768802229,0.6406685236768803,3.1685069611137786,1.8722995679308692
2017-10-31,0.7747933884297521,0.59400826446281,3.4990791896869244,1.1970534069981584
2017-11-30,0.9171837065012141,0.8902077151335313,3.4517258629314664,1.3006503251625814
2017-12-31,0.3474903474903475,0.46332046332046334,2.6703499079189688,1.703499079189687
2018-01-31,0.5707170281207846,0.7990038393690982,2.3880479188458428,1.7367621227969765
2018-02-28,0.9993688196928255,0.8794445613296865,2.843001841620626,1.8370165745856355
2018-03-31,0.5432746346946421,0.5807418508804796,3.054662379421222,1.446945337620579
2018-04-30,0.40826930928255944,0.4639423969119994,2.4675324675324672,1.2554112554112553
2018-05-31,0.3915586066615815,0.3542673107890499,1.833854314672729,1.70881879321777
2018-06-30,0.5808325266214909,0.63891577928364,2.4555461473327687,2.032176121930567
2018-07-31,0.5422453383500249,0.5035135284678802,2.5726596823251096,1.2419736397431564
2018-08-31,0.44190420539415287,0.5222504245567262,2.762057443068781,1.6997276572730962
2018-09-30,0.43746271624577454,0.7158480811294493,2.511627906976744,2.13953488372093
2018-10-31,0.5533291973373128,0.645550730226865,3.5657073933774335,1.9487005521946437
2018-11-30,0.44741278692776554,0.46686551679419014,2.0608009353990058,2.104647763811751
2018-12-31,0.7793297763923027,0.4995703694822453,3.4832027132315866,2.1540858884458496
2019-01-31,0.6628563080912294,0.6226831985099427,3.4782608695652173,1.6053511705685617
2019-02-28,0.3056066176470588,0.48023897058823534,2.2946859903381642,0.9178743961352657
2019-03-31,0.5619146722164413,0.41623309053069724,3.007518796992481,1.105705440070765
2019-04-30,0.8228840125391851,0.37808184359908503,3.13939393939394,1.1030303030303032
2019-05-31,0.7406694882647172,0.782993459022701,3.099440378820491,1.678863538527766
2019-06-30,1.141602634467618,0.46103183315038415,3.5023041474654377,1.566820276497696
2019-07-31,0.8985643392488819,0.6963873629178835,4.0906753174822965,1.6971950785298888
2019-08-31,1.4996429421566295,1.0473696738871696,4.0265486725663715,1.1504424778761062
2019-09-30,0.863054782402313,0.5178328694413878,3.035657650310362,1.6764079561415433
2019-10-31,0.6683121321435352,0.4594645908486805,2.633372005229914,1.1343756330221166
2019-11-30,0.6281991624011168,0.6514657980456027,1.9038553069966682,1.094716801523084
2019-12-31,0.7042101163947903,0.7042101163947903,1.6305071209902835,1.6305071209902835
2020-01-31,0.6767292128514909,0.5600517623598545,0.7298210694366694,1.6420974062325062
2020-02-29,0.8557764913163854,0.7047571104958469,4.123711340206185,1.5463917525773196
2020-03-31,2.1699299060442723,1.6106696209813152,6.363636363636363,3.287176399759181
2020-04-30,1.4668721109399074,2.416024653312789,4.07055630936228,3.907734056987788
2020-05-31,1.2433801519686853,2.2334791618696754,3.5288928098809,4.102337891486546
2020-06-30,1.2116316639741518,1.9116855142703286,3.3529678296329863,4.12324422292705
2020-07-31,1.179980557138547,2.015800118445018,0.0,4.200644417041251
2020-08-31,0.8560178051703476,1.6875779587643998,0.0,2.8715003589375447
2020-09-30,1.1375947995666307,1.3961390721954103,0.0,3.1848953754176184
2020-10-31,0.8405568689256634,1.4972419227738378,0.0,2.4526678141135974
2020-11-30,1.1533138551437798,1.1533138551437798,0.0,2.293202293202293
2020-12-31,0.9589190367222405,1.3851052752654585,0.0,2.3878603185205285
2021-01-31,0.8536279186542806,1.2051217675119257,2.6302971261568437,2.2406234778373113
2021-02-28,1.0023584905660379,1.0613207547169812,2.560163850486431,3.0209933435739886
2021-03-31,1.0317460317460316,1.2169312169312168,3.0727519204699503,2.259376412110258
2021-04-30,0.9153952843273231,0.9153952843273231,2.883720930232558,2.093023255813953
2021-05-31,0.9752020061298413,0.9473390916689886,2.9850746268656723,1.6915422885572142
2021-06-30,1.338766006984866,0.9604190919674038,3.63901018922853,2.3289665211062593
2021-07-31,1.3494517852122576,0.7028394714647175,2.7168732125834127,1.5729265967588182
2021-08-31,1.0086455331412105,0.7492795389048991,3.0086690464048953,1.8357980622131562
2021-09-30,1.207937877480587,0.8915731952832903,3.2454361054766734,1.2170385395537524
2021-10-31,1.0457516339869282,0.41830065359477125,2.986512524084778,0.7707129094412333
2021-11-30,1.3497652582159625,0.90962441314554,3.736377789309808,1.5049299429164504
2021-12-31,1.36986301369863,0.884703196347032,5.3169734151329235,2.3006134969325154
2022-01-31,1.1824432877064457,0.6940427993059572,4.408707196713509,1.8035620350191628
2022-02-28,1.1157261529647666,0.2993411629905472,4.5040871934604905,1.1907356948228882
2022-03-31,1.2929535232383809,0.4749625187406297,4.544560299036002,1.168601219752115
2022-04-30,1.2805241215008933,0.7742703990470519,4.971590909090909,1.7045454545454546
2022-05-31,1.516441005802708,0.5145067698259187,5.284680717206669,1.6986473733878582
2022-06-30,1.6783216783216786,0.6893106893106893,6.206896551724139,2.25705329153605
2022-07-31,1.6286644951140066,0.7995262066923304,6.305464736104623,2.475478748248482
2022-08-31,1.3609650479430868,0.5917239338882986,3.8384405583186267,1.8530402695331303
2022-09-30,1.5043825148893135,0.7079447128890887,5.92184772391567,1.9739492413052238
2022-10-31,1.3581684128831975,0.3603303952547258,5.202272571702376,1.4146530677436284
2022-11-30,1.3423295454545454,0.5369318181818182,4.282331272201026,1.1972108933035128
2022-12-31,1.360123647604328,0.6491499227202474,4.944791166586653,1.8242918867018723
2023-01-31,1.6293929712460062,0.7348242811501596,6.22154779969651,2.4279210925644916
2023-02-28,1.7844886753603295,0.9608785175017159,9.14572864321608,2.3618090452261304
2023-03-31,2.317676143386898,0.5871446229913474,10.379061371841157,1.2184115523465706
2023-04-30,1.1433868974042027,0.5562422744128555,4.36639772187945,1.1390602752728998
2023-05-31,1.5026065624041702,0.8892977614228762,5.029013539651837,2.030947775628627
2023-06-30,1.512226512226512,0.74002574002574,4.124748490945674,1.5593561368209257
2023-07-31,1.3325069724202048,0.7127362875735979,4.672422549517522,1.8791264601320468
2023-08-31,1.2392755004766443,1.1757229107086113,3.8216560509554145,2.1558059774620286
2023-09-30,1.3025073266037122,0.8140670791273201,4.026845637583893,1.7552916881775942
2023-10-31,1.2140575079872205,0.4792332268370606,4.705882352941177,1.227621483375959
2023-11-30,1.638225255972696,0.7508532423208191,3.0501089324618733,1.906318082788671
2023-12-31,1.2081463583016914,0.6558508802209182,4.130434782608695,1.6304347826086958
