date,monetary_wi,monetary_ni,monetary,unemp_v3_wi,unemp_v3_ni,unemp_v3
1980-06-30,,0.07687740382701631,0.07687740382701631,,0.5141168050387505,0.5141168050387505
1980-07-31,,0.6604770379681534,0.6604770379681534,,0.6840864381448146,0.6840864381448146
1980-08-31,,0.05986463088834879,0.05986463088834879,,0.161608257071401,0.161608257071401
1980-09-30,,-0.14174833769677428,-0.14174833769677428,,-0.007383876647277011,-0.007383876647277011
1980-10-31,,0.13118438957955195,0.13118438957955195,,-0.055370241430437686,-0.055370241430437686
1980-11-30,,-0.08161215786803969,-0.08161215786803969,,-0.2622564682267251,-0.2622564682267251
1980-12-31,,0.4335832888673556,0.4335832888673556,,-0.09782769736270938,-0.09782769736270938
1981-01-31,,0.4043905088626926,0.4043905088626926,,0.05731201990512192,0.05731201990512192
1981-02-28,,0.17393565516798098,0.17393565516798098,,0.10327606822267459,0.10327606822267459
1981-03-31,,0.14081204501675815,0.14081204501675815,,-0.12312828332446668,-0.12312828332446668
1981-04-30,,0.11908351351005227,0.11908351351005227,,-0.2010708208965327,-0.2010708208965327
1981-05-31,,0.4399310630788756,0.4399310630788756,,-0.40659716944623736,-0.40659716944623736
1981-06-30,,0.1933932958841419,0.1933932958841419,,-0.15301099484103575,-0.15301099484103575
1981-07-31,,0.3348102154903094,0.3348102154903094,,0.3579431682648322,0.3579431682648322
1981-08-31,,-0.07705627233888197,-0.07705627233888197,,-0.35150401592290936,-0.35150401592290936
1981-09-30,,0.4010512897199183,0.4010512897199183,,-0.004184685038476935,-0.004184685038476935
1981-10-31,,-0.07877795012442496,-0.07877795012442496,,0.06939349822032219,0.06939349822032219
1981-11-30,,-0.1393839514552141,-0.1393839514552141,,0.20702845578797088,0.20702845578797088
1981-12-31,,0.10418556135250945,0.10418556135250945,,0.12111999877947506,0.12111999877947506
1982-01-31,,0.5165774177777168,0.5165774177777168,,0.5984878814042712,0.5984878814042712
1982-02-28,,0.6925495475049184,0.6925495475049184,,0.4693946892717988,0.4693946892717988
1982-03-31,,0.367123125891268,0.367123125891268,,0.314888235184424,0.314888235184424
1982-04-30,,-0.1153163002962626,-0.1153163002962626,,0.11419563934505197,0.11419563934505197
1982-05-31,,0.007744825346702125,0.007744825346702125,,0.3649706858053857,0.3649706858053857
1982-06-30,,0.21365982301403497,0.21365982301403497,,0.3674572065319348,0.3674572065319348
1982-07-31,,0.0901451046740979,0.0901451046740979,,0.2998275777280636,0.2998275777280636
1982-08-31,,0.39693333142859655,0.39693333142859655,,0.5117663719873423,0.5117663719873423
1982-09-30,,0.07758683853699332,0.07758683853699332,,0.6865675219370456,0.6865675219370456
1982-10-31,,0.3563662411978659,0.3563662411978659,,1.6237609000919049,1.6237609000919049
1982-11-30,,0.5099704741691048,0.5099704741691048,,1.5907108912722108,1.5907108912722108
1982-12-31,,0.38469546975364627,0.38469546975364627,,0.8516431038943671,0.8516431038943671
1983-01-31,,0.7539280963692486,0.7539280963692486,,0.8689187350485843,0.8689187350485843
1983-02-28,,0.7768323565616442,0.7768323565616442,,0.4108335312006684,0.4108335312006684
1983-03-31,,0.056677881401754414,0.056677881401754414,,0.30741673677221354,0.30741673677221354
1983-04-30,,0.018745786008446914,0.018745786008446914,,0.06048388880436192,0.06048388880436192
1983-05-31,,-0.17377536703420154,-0.17377536703420154,,-0.04521234723944468,-0.04521234723944468
1983-06-30,,0.4212281168081551,0.4212281168081551,,0.13711790370270774,0.13711790370270774
1983-07-31,,0.6026795792856925,0.6026795792856925,,-0.055945507928564855,-0.055945507928564855
1983-08-31,,0.416680324882906,0.416680324882906,,0.04525747707708066,0.04525747707708066
1983-09-30,,0.3562617797298133,0.3562617797298133,,-0.10758347141393147,-0.10758347141393147
1983-10-31,,-0.19981298193669572,-0.19981298193669572,,-0.20435604522106873,-0.20435604522106873
1983-11-30,,-0.15958062611087684,-0.15958062611087684,,-0.13042933563806558,-0.13042933563806558
1983-12-31,,0.22885686292918733,0.22885686292918733,,0.30672235543012066,0.30672235543012066
1984-01-31,-0.752765781447518,0.12567950879862697,-0.31354313632444547,-0.6459274992318487,0.12955042279891585,-0.25818853821646637
1984-02-29,-0.12661079342790002,0.4567256756770683,0.16505744112458412,-0.4669860824711008,0.07209106724553238,-0.19744750761278423
1984-03-31,-0.35709264034810295,0.24114067222612973,-0.057975984060986606,-0.46123840549054695,-0.19053753038861657,-0.32588796793958175
1984-04-30,-0.7280093948265014,-0.194425271816959,-0.46121733332173015,-0.5963155765064772,-0.12208425555481933,-0.3591999160306482
1984-05-31,-0.31865824978833357,0.4631874151869888,0.07226458269932762,-0.9623685625864055,-0.12323992410907807,-0.5428042433477417
1984-06-30,0.1907389617341087,0.2767327665493443,0.2337358641417265,-0.8579913433159619,0.04435094175647881,-0.4068202007797416
1984-07-31,-0.056890863941693626,0.32532883667706075,0.1342189863676836,-0.2510473189530385,-0.06857632868844336,-0.1598118238207409
1984-08-31,-0.18403104570606824,0.3273840923836213,0.07167652333877653,-0.6161197634045109,-0.14775466255932024,-0.38193721298191563
1984-09-30,-0.8179662648203401,0.30543703502121244,-0.25626461489956387,-0.2777914200786566,0.003686203922845799,-0.13705260807790537
1984-10-31,-1.0613427281598347,-0.08675233416756707,-0.5740475311637009,-0.8166364321214504,-0.038992484675289256,-0.42781445839836985
1984-11-30,-0.271281309957713,0.30493961997363184,0.01682915500795941,-0.4694459341771836,0.11275326557622677,-0.1783463343004784
1984-12-31,-0.20397093328803995,0.45112421104147316,0.1235766388767166,-0.4036119565969749,-0.036512130270597666,-0.22006204343378627
1985-01-31,-0.6721316931923423,0.3828203647207395,-0.14465566423580145,-0.7768607096889015,0.0029605876148382335,-0.3869500610370316
1985-02-28,-0.5738831812342686,0.2177360603217287,-0.17807356045626996,-0.33009627325119456,-0.1649076624768344,-0.24750196786401446
1985-03-31,-0.9225661180816888,0.25625310187222017,-0.3331565081047343,-0.5400630997680049,-0.06212456887607567,-0.30109383432204034
1985-04-30,-0.9597895620905394,-0.03678909543531618,-0.4982893287629278,-0.5070893483808181,-0.23784766171434615,-0.37246850504758217
1985-05-31,-0.3605617992654658,-0.06872509157612262,-0.2146434454207942,-0.0981071192641475,-0.32380318876365083,-0.21095515401389917
1985-06-30,-0.5516061874954588,-0.12457935221292211,-0.33809276985419046,-0.5229782003188885,-0.372964664662408,-0.44797143249064836
1985-07-31,-0.7408987610993265,0.11140359939574439,-0.3147475808517911,-0.49049640673330486,-0.20815789953535013,-0.3493271531343275
1985-08-31,-1.1310291393096603,0.04537170886858152,-0.5428287152205394,-0.7675391879022548,-0.3966798352256758,-0.5821095115639653
1985-09-30,-0.3363800973676074,0.16077566264478088,-0.08780221736141326,-0.08148219920936987,-0.2707700900215969,-0.1761261446154834
1985-10-31,-0.5092675519656297,-0.017910234791116603,-0.2635888933783731,-0.524996461546476,-0.36532137207287896,-0.4451589168096774
1985-11-30,-0.8611018368620329,-0.23097221018493053,-0.5460370235234817,-1.033164860031992,-0.4498907638171586,-0.7415278119245754
1985-12-31,-0.4480671148842214,0.043959877998899506,-0.20205361844266093,-0.600186215671234,-0.37696490415870804,-0.48857555991497104
1986-01-31,-0.5158709943727294,0.46318741518698875,-0.02634178959287034,-0.44949364864287567,0.08548872864234507,-0.1820024600002653
1986-02-28,-0.5507154601453194,-0.01380925560804358,-0.2822623578766815,-0.23272578600240612,-0.09335661672006108,-0.16304120136123362
1986-03-31,-0.7204446581375284,0.15690854204046897,-0.2817680580485297,-0.3582557089749431,-0.27231693826332165,-0.31528632361913234
1986-04-30,-0.6756748642980255,-0.018578042295603468,-0.34712645329681446,-0.8278309841061513,-0.40400551303591303,-0.6159182485710322
1986-05-31,-0.8211720208139709,-0.09839124535459397,-0.4597816330842824,-0.6633465185482353,-0.388778911306682,-0.5260627149274587
1986-06-30,-0.5188371353186713,-0.0177966113392362,-0.2683168733289537,-0.5791949027336122,-0.24987994496232338,-0.4145374238479678
1986-07-31,-0.4435383586557102,0.29569472949877906,-0.07392181457846557,-0.6650800744187777,-0.007517836187151372,-0.3362989553029646
1986-08-31,-0.3122623026702233,-0.023060591993309627,-0.16766144733176644,-0.7415340814449869,-0.36950257603810016,-0.5555183287415435
1986-09-30,-0.5673277149725757,0.2563863454150812,-0.1554706847787473,-0.32584906975770345,-0.09347599072575953,-0.20966253024173148
1986-10-31,-1.1523791427256609,-0.3190558976389071,-0.7357175201822841,-0.8066096941535359,-0.3677763638895729,-0.5871930290215543
1986-11-30,-1.2385843129081218,-0.27099918329322426,-0.7547917481006731,-0.5639757773160234,-0.29917492618068486,-0.43157535174835415
1986-12-31,-1.2620408084390669,-0.2565913815676877,-0.7593160950033773,-0.835674985191417,-0.3790544125951256,-0.6073646988932714
1987-01-31,-0.6606733050450484,0.031397128401894236,-0.3146380883215771,-0.3967255692099968,0.008089153613025968,-0.19431820779848544
1987-02-28,-0.4697396747247201,-0.11085960168257698,-0.29029963820364857,-0.6124957890495095,-0.2660409197857451,-0.43926835441762735
1987-03-31,-1.2574211595323839,-0.36239506529330484,-0.8099081124128443,-0.7181020688812049,-0.26788794725276177,-0.4929950080669833
1987-04-30,-0.6960397389066966,0.05518142450743919,-0.32042915719962867,-0.8858465500988402,-0.3091763676520125,-0.5975114588754263
1987-05-31,-0.5195288294554768,-0.23099261936448962,-0.3752607244099832,-0.37119259445146435,-0.31096547855805584,-0.34107903650476007
1987-06-30,-0.6787155704011344,0.11618652066486222,-0.281264524868136,-0.645694109420612,-0.08580100031949744,-0.36574755487005467
1987-07-31,-0.8895692834058886,0.030287898961883913,-0.4296406922220023,-0.5836660598753122,-0.11217784273592121,-0.3479219513056167
1987-08-31,-1.1315853846093877,-0.2007033824207849,-0.6661443835150863,-0.6401590142647221,-0.156262386641284,-0.39821070045300305
1987-09-30,-0.6453048973921519,-0.0022203560758484804,-0.3237626267340002,-0.2165211836512367,-0.17808498993570734,-0.19730308679347203
1987-10-31,0.1884235833002511,0.5713354709594434,0.37987952712984724,-0.6320649744148273,-0.28205027423867435,-0.45705762432675084
1987-11-30,-0.05554202378858962,0.0901339519932276,0.017295964102319,-0.5137944636486553,-0.2990267742822182,-0.40641061896543673
1987-12-31,-0.4400629662550731,0.2339475679805242,-0.10305769913727442,-0.05162019835521683,-0.08049175434508893,-0.06605597635015291
1988-01-31,-0.7718050152644578,0.12799226932034272,-0.32190637297205754,-0.4410558083656443,-0.3685950246002629,-0.40482541648295356
1988-02-29,-0.22432750970131715,0.2979143494621275,0.0367934198804052,-0.40024869614608555,-0.17461789838365263,-0.28743329726486905
1988-03-31,-0.6851084755210878,-0.07586722078585323,-0.3804878481534705,-0.49998678962911136,-0.31823888318936766,-0.4091128364092395
1988-04-30,-0.7903514335796606,-0.06250985186511138,-0.42643064272238607,-0.5182013653628791,-0.4186494495590824,-0.4684254074609807
1988-05-31,-0.4667028621631848,0.01682820793591389,-0.22493732711363545,0.2005708162415768,-0.01858750679407789,0.09099165472374947
1988-06-30,-1.0489049172145608,-0.19007533637050703,-0.619490126792534,-0.6329768081633189,-0.389655866156354,-0.5113163371598364
1988-07-31,-0.815363091657789,0.09818150719990595,-0.3585907922289414,-0.18419151477787482,-0.1519228601132159,-0.16805718744554535
1988-08-31,0.0907825514822234,0.24075693341150392,0.16576974244686363,0.01923910174066056,-0.24285256134000957,-0.11180672979967446
1988-09-30,-0.8261350839113966,-0.02355596520748923,-0.42484552455944297,-0.016796800969801576,-0.23091602207119868,-0.12385641152050017
1988-10-31,-0.9390542483395944,-0.23414191977280158,-0.586598084056198,-0.2738217150780581,-0.33945140870291557,-0.3066365618904869
1988-11-30,0.3472239934217142,0.27481831325658035,0.31102115333914726,-0.462685056753271,-0.25554816655499263,-0.3591166116541318
1988-12-31,-0.11063216870669605,0.24029407793386862,0.06483095461358629,-0.5924299855728561,-0.4388718561185925,-0.5156509208457242
1989-01-31,0.3199263214383921,0.3729114255850501,0.34641887351172107,-0.14634247005691473,-0.30088191089763455,-0.22361219047727462
1989-02-28,1.0295663627492564,0.29733567506700276,0.6634510189081295,-0.7257273412123595,-0.42905071246961013,-0.5773890268409848
1989-03-31,0.684872309048274,0.414551184502216,0.5497117467752449,-0.5709929301269091,-0.3241785489780806,-0.44758573955249487
1989-04-30,-0.24113456752614199,-0.15569698357192788,-0.19841577554903495,-0.4270260425110607,-0.4624807727182018,-0.4447534076146312
1989-05-31,-0.24823909986435053,0.32407308309581584,0.03791699161573265,-0.498893616336348,-0.41027039894961664,-0.45458200764298234
1989-06-30,0.1431752921885012,0.334751427628827,0.23896335990866407,-0.5358670204674035,-0.3981359165257403,-0.4670014684965719
1989-07-31,0.706216449178155,0.04740991991451297,0.376813184546334,-0.47427216076998474,-0.367684930302359,-0.42097854553617187
1989-08-31,-0.0026990872172188937,-0.012129230910049336,-0.007414159063634102,-0.5384634448281176,-0.26815666217859335,-0.40331005350335547
1989-09-30,-0.4749764658836938,-0.08271761483858005,-0.2788470403611369,-0.6858659893926021,-0.40992105445961763,-0.5478935219261098
1989-10-31,-0.0936574454060586,0.02969430013512986,-0.03198157263546437,-0.777360639421,-0.43413765879724814,-0.605749149109124
1989-11-30,0.14038205624211522,0.08434456710180345,0.11236331167195933,-0.7133538878940242,-0.4099070638238301,-0.5616304758589272
1989-12-31,0.20185151076686964,0.02879182273638074,0.11532166675162518,-0.21640505651274416,-0.26041522724792493,-0.23841014188033455
1990-01-31,-0.03730204392497548,-0.03892530219793662,-0.03811367306145606,-0.4497217933621514,-0.2604442903916736,-0.35508304187691253
1990-02-28,-0.8621017414425671,-0.01764595108255542,-0.4398738462625612,-0.6820840774552437,-0.1961219865325013,-0.4391030319938725
1990-03-31,-0.5528839068175778,-0.29255757326824233,-0.4227207400429101,-0.4429610277711994,-0.4885775485205448,-0.46576928814587204
1990-04-30,-1.3542257657480812,-0.3762433095421019,-0.8652345376450916,-0.20884125077160393,-0.4291032940637562,-0.31897227241768006
1990-05-31,-0.7783060888078522,-0.022981733290530857,-0.40064391104919156,-0.7367474033768128,-0.21074498663899305,-0.47374619500790294
1990-06-30,-0.727412201634504,0.006551552554886153,-0.36043032453980894,-0.3521829996178538,-0.43414681517611264,-0.3931649073969833
1990-07-31,0.6174893886284862,0.13645391957303774,0.37697165410076194,-0.2658733266138195,-0.1503079903928306,-0.208090658503325
1990-08-31,0.06919340237629598,0.24731265931660384,0.15825303084644993,-0.35626347174849,-0.32299258568559164,-0.33962802871704084
1990-09-30,-0.2697679829134854,0.047248136249607324,-0.11125992333193904,-0.30751114203177343,-0.1232399241090781,-0.21537553307042576
1990-10-31,-0.1295631049791937,0.07835962806913527,-0.025601738455029246,-0.46668635541005576,-0.2954153055993068,-0.38105083050468125
1990-11-30,0.4033924196306249,0.07517912388715672,0.2392857717588908,-0.37951721537097816,-0.1572027009057089,-0.2683599581383435
1990-12-31,0.33832352131868,0.13685715350920596,0.23759033741394298,-0.004826214804349542,-0.1366249188255274,-0.07072556681493848
1991-01-31,-1.2701822514734988,0.6551434346349831,-0.30751940841925784,-0.6497120687375243,-0.08269649996795855,-0.36620428435274144
1991-02-28,-1.372995844691,0.26093591905503727,-0.5560299628179813,-0.6804311739649727,-0.18262906438057125,-0.43153011917277195
1991-03-31,-1.727664448293214,0.07556130548893442,-0.8260515714021398,-0.656393088021604,-0.1913806555789709,-0.42388687180028745
1991-04-30,-1.453082948275341,0.5417974613830283,-0.45564274344615624,-0.6796338466062789,0.09274694814673551,-0.2934434492297717
1991-05-31,-1.3656999559682466,0.04935100638316809,-0.6581744747925392,-0.42828978039497384,0.08562623104863723,-0.1713317746731683
1991-06-30,-1.9030452628322405,-0.16579335941842718,-1.0344193111253337,-0.6855551747848129,0.04022785905774757,-0.3226636578635326
1991-07-31,-2.0294066004153235,0.16504794672441034,-0.9321793268454567,-0.39505535185773527,0.03389626530296945,-0.18057954327738288
1991-08-31,-1.5448032879562723,0.3605312803098346,-0.5921360038232188,-0.3898494786169396,0.011590580760982854,-0.1891294489279784
1991-09-30,-1.3807040056049447,0.05446837123821447,-0.663117817183365,-0.7152482992961919,0.04593659739759871,-0.3346558509492966
1991-10-31,-1.6016775835631836,0.14212513214080205,-0.7297762257111908,-0.5993955299490414,0.3053240744346365,-0.1470357277572025
1991-11-30,-1.335649523352028,0.31775410087321915,-0.5089477112394044,-0.40477054006991037,0.4540259472744405,0.02462770360226504
1991-12-31,-0.9269130753276762,0.4649085337419376,-0.23100227079286925,-0.002939557343917911,0.19555426023132474,0.09630735144370343
1992-01-31,-1.3350712671944962,0.37307328891251224,-0.48099898914099193,-0.07363793402091136,0.2959711243050314,0.11116659514206007
1992-02-29,-1.569301529657962,0.2666788962143968,-0.6513113167217827,-0.25100824008876416,0.33866917662756746,0.04383046826940164
1992-03-31,-1.7961327881426967,-0.2198333117141935,-1.0079830499284452,-0.472513973603105,0.2300311920296851,-0.12124139078670994
1992-04-30,-2.19609450120948,0.05540885654790276,-1.0703428223307887,-0.31771732869671504,0.07292164418582534,-0.12239784225544485
1992-05-31,-1.5186106387795075,-0.24079619669681107,-0.8797034177381592,0.001985167426203281,0.0523694666873424,0.027177317056772853
1992-06-30,-1.6460421817117472,-0.2053549739599937,-0.9256985778358704,-0.15195684940908058,0.09312248292270021,-0.029417183243190138
1992-07-31,-1.5944309634539524,0.5780001839041123,-0.50821538977492,-0.07131557650647705,0.908777946330237,0.41873118491188005
1992-08-31,-1.9441348147593123,0.05471322683438175,-0.9447107939624653,0.17796806752224287,0.05792962449787323,0.11794884601005806
1992-09-30,-1.861758528575635,0.20405101007089171,-0.8288537592523717,0.07607446058944223,0.5766927207045727,0.32638359064700745
1992-10-31,-1.4699448786974691,-0.058754905098240724,-0.7643498918978548,-0.4031466960510691,0.3348932676165248,-0.034126714217272175
1992-11-30,-1.469216355211544,-0.39477785046144154,-0.9319971028364927,-0.20777102873549916,0.11876292903130412,-0.0445040498520975
1992-12-31,-1.548173856749991,-0.04748317332324377,-0.7978285150366173,-0.4028814348841507,0.27862379167426493,-0.06212882160494289
1993-01-31,-1.7654029527680046,-0.19618978656464425,-0.9807963696663244,-0.39288765220828703,-0.05430106707667034,-0.22359435964247862
1993-02-28,-1.6661273003556119,-0.09668618940516398,-0.881406744880388,0.10510385615124349,0.20732289451228664,0.15621337533176505
1993-03-31,-1.7786423062189065,-0.4196107240828468,-1.0991265151508767,-0.5548412652629925,-0.08582349768449368,-0.32033238147374304
1993-04-30,-2.3095993529854972,-0.3453235886519329,-1.327461470818715,-0.470497215689347,-0.0919851062419741,-0.2812411609656605
1993-05-31,-1.8261334929505995,-0.11861873681540806,-0.9723761148830038,-0.5713261868112051,0.04040448102139523,-0.2654608528949049
1993-06-30,-1.8339241128457586,0.07311128388313519,-0.8804064144813117,-0.4877631046236388,0.08001624850589914,-0.20387342805886985
1993-07-31,-1.9601210876711783,-0.2317672997120113,-1.095944193691595,-0.22485474086331933,-0.07562293160407899,-0.15023883623369916
1993-08-31,-1.9736990499989153,-0.14695443409518116,-1.0603267420470481,-0.14526757109741684,0.03443431016596013,-0.05541663046572834
1993-09-30,-1.690306177946529,-0.31123118830624485,-1.000768683126387,0.0037780202542611455,-0.08171924866493029,-0.03897061420533457
1993-10-31,-2.0984533974772637,-0.5920544813491563,-1.34525393941321,0.1298061246590785,0.08901739261071327,0.10941175863489587
1993-11-30,-1.6317435503592181,-0.36140623945519973,-0.996574894907209,0.05570465604697576,0.18018773317764397,0.11794619461230989
1993-12-31,-1.296370167911684,-0.28772082620974826,-0.7920454970607161,-0.18671517227893067,-0.08333451470913718,-0.1350248434940339
1994-01-31,-1.762344158774999,0.030346649286663023,-0.8659987547441681,0.02677623532555175,0.09402110965766249,0.060398672491607144
1994-02-28,-1.3782215043521473,0.33219302480563867,-0.5230142397732543,-0.41450481903727276,-0.10256295694800936,-0.25853388799264104
1994-03-31,-1.7697616193302657,0.7659829701547198,-0.501889324587773,-0.15146313861140107,-0.0713614202181903,-0.11141227941479567
1994-04-30,-1.6645836447315527,0.4203989807458217,-0.6220923319928654,-0.4344246446684932,-0.16692076278118054,-0.30067270372483684
1994-05-31,-1.3867277256759798,0.6814991309802235,-0.35261429734787814,0.1371638659411428,0.042638127294298715,0.08990099661772077
1994-06-30,-1.7503557635415852,0.7013969480922251,-0.52447940772468,-0.713157508810125,0.003756569852745059,-0.35470046947868994
1994-07-31,-1.6632734493409818,0.4001207138520769,-0.6315763677444524,-0.831349147004523,-0.09923032026754143,-0.4652897336360322
1994-08-31,-0.31698758081961265,0.593666307478495,0.1383393633294412,-0.0035689026360103764,-0.3896930400089033,-0.19663097132245688
1994-09-30,-0.7424498280394979,0.5056198910535805,-0.11841496849295872,0.38016916901628056,-0.05392655962598869,0.163121304695146
1994-10-31,-1.1596279644626368,-0.038460082055765205,-0.5990440232592009,-0.0946106536339401,-0.12483261894874668,-0.10972163629134336
1994-11-30,-0.3270490106728403,0.4635719026891788,0.06826144600816922,0.6752330429413017,-0.18188737572154434,0.24667283360987866
1994-12-31,-0.7551363985256384,0.8214649494116536,0.03316427544300757,0.3087979362229054,-0.25170510328419643,0.028546416469354498
1995-01-31,-0.6139799265369436,1.3530434292064546,0.3695317513347556,0.7726711213116634,0.10253563525132127,0.4376033782814924
1995-02-28,-0.8534134025834502,0.7501689275214807,-0.05162223753098479,0.6013573388134972,-0.07382620242411908,0.26376556819468905
1995-03-31,-1.2615683344768116,0.4402283117452198,-0.41067001136579584,-0.4284910185953262,-0.2050295460351966,-0.3167602823152613
1995-04-30,-1.5484550042629364,-0.0577471751019905,-0.8031010896824634,-0.15298815379427294,-0.3021688847497755,-0.22757851927202424
1995-05-31,-0.8629517974595239,0.03406953147436397,-0.41444113299258,-0.025233649495409488,-0.09923032026754142,-0.06223198488147542
1995-06-30,-0.5664621820847493,0.4154341985533167,-0.07551399176571628,-0.07612552096207499,-0.2785747853262922,-0.1773501531441836
1995-07-31,-1.4014143221796282,-0.17939011194142993,-0.790402217060529,-0.7149882382433133,-0.43453083788977614,-0.5747595380665447
1995-08-31,-1.644771082397767,-0.05209826897915078,-0.848434675688459,-0.015351058430147415,-0.3839898381097661,-0.1996704482699567
1995-09-30,-1.1299762049064033,-0.27873550223890065,-0.704355853572652,-0.3120825962830418,-0.278464520315365,-0.2952735582992034
1995-10-31,-1.1536653715028864,-0.271717776942217,-0.7126915742225516,0.19847090951650345,-0.32106807935332854,-0.06129858491841255
1995-11-30,-1.2677290209947256,-0.3509521928330746,-0.8093406069139001,-0.1486245374740416,-0.4929437496952565,-0.3207841435846491
1995-12-31,-1.2601194865696208,-0.12028008716096902,-0.6901997868652949,0.29262128264085135,-0.2695560263075332,0.011532628166659094
1996-01-31,-1.3429678435799641,-0.35061476913052836,-0.8467913063552462,-0.34068578996582227,0.03784358286319308,-0.15142110355131458
1996-02-29,-1.120093501196322,-0.18610261079876794,-0.6530980559975451,0.005874390389372055,-0.2674254846565653,-0.13077554713359657
1996-03-31,-1.5013738808078096,-0.5224937341932689,-1.011933807500539,0.026609107385771543,-0.3328383110924087,-0.15311460185331857
1996-04-30,-1.2128578796749865,-0.7696075520411331,-0.9912327158580596,-0.32280927162762335,-0.5615180631281818,-0.4421636673779025
1996-05-31,-1.590414595259871,-0.5358698870791271,-1.063142241169499,-1.0215019890996835,-0.4556116787810961,-0.7385568339403897
1996-06-30,-1.6452068470558008,-0.44508375122724625,-1.0451452991415233,0.057712149233500556,-0.3880599530262077,-0.16517390189635356
1996-07-31,-0.9518104605458623,-0.546189201528049,-0.7489998310369556,0.2872981176390315,-0.3631240802796744,-0.03791298132032145
1996-08-31,-0.26850129644617726,-0.40658502025948917,-0.3375431583528333,0.5538167499694043,-0.19933983635186425,0.17723845680877004
1996-09-30,-0.31109096582348034,-0.3877956685063375,-0.34944331716490895,0.08696148053990636,-0.22211351609906552,-0.06757601777957953
1996-10-31,-1.8546469494116544,-0.5504518948310537,-1.202549422121354,0.23933816097104643,-0.3209399551897391,-0.04080089710934631
1996-11-30,-1.2814685143233564,-0.6822245137842946,-0.9818465140538256,0.1610651116178293,-0.3821409439383223,-0.11053791616024651
1996-12-31,-1.0715676770350904,-0.5828209687562919,-0.8271943228956911,0.11476345633365272,-0.32943128317419407,-0.10733391342027067
1997-01-31,-0.8836289913682883,-0.322634449483177,-0.6031317204257326,0.11865306224585362,-0.24152715985422948,-0.06143704880418791
1997-02-28,-1.261172660132624,-0.2969892186614452,-0.7790809393970346,-0.06756407590623738,-0.015957443883603005,-0.0417607598949202
1997-03-31,-0.5553728710449395,-0.3239853297144747,-0.4396791003797071,-0.3751695021049021,-0.0030657118281876006,-0.18911760696654487
1997-04-30,-0.9656444147241704,-0.4679502609900832,-0.7167973378571267,0.09348812211907896,-0.16748278681707518,-0.03699733234899809
1997-05-31,-0.8259921037602189,-0.3235566188036844,-0.5747743612819517,0.46447438789426876,0.3571545609231205,0.4108144744086946
1997-06-30,-1.3879758939889806,-0.6125028781871388,-1.0002393860880596,0.8426702020595555,0.1801249694785775,0.5113975857690665
1997-07-31,-1.4511666786338142,-0.37055064993153175,-0.9108586642826731,0.18953673307667107,-0.017030773782280705,0.08625297964719525
1997-08-31,-1.3195586906011492,-0.2822899146379837,-0.8009243026195664,0.47880419583601774,-0.15036275177149222,0.16422072203226282
1997-09-30,-1.6578548169430294,-0.5627365668514912,-1.1102956918972604,-0.061042442282514146,-0.19138065557897097,-0.12621154893074257
1997-10-31,-0.6316921143732437,-0.1693822195964346,-0.40053716698483915,-0.13932507492340776,0.19240485232001223,0.026539888698302233
1997-11-30,-1.4811266018090452,-0.4168552513382296,-0.9489909265736374,0.5186616862190617,-0.16550448225817296,0.17657860198044434
1997-12-31,-1.0567002026259442,-0.5724634206037864,-0.8145818116148654,0.6141055278684205,0.09060585699547305,0.35235569243194675
1998-01-31,-1.1044375367387085,-0.30986637440775683,-0.7071519555732326,0.49916742727832,-0.015066077856757822,0.242050674710781
1998-02-28,-1.4208198523428412,-0.4399134284478536,-0.9303666403953474,0.43113540388567984,-0.0672375661150573,0.1819489188853113
1998-03-31,-1.5343034805562896,-0.46851386288036506,-1.0014086717183273,0.11909088993251311,-0.177374971718919,-0.029142040893202922
1998-04-30,-1.0094272251165124,-0.5196076945724087,-0.7645174598444605,0.26138329251481546,-0.3122736214203379,-0.025445164452761217
1998-05-31,-0.7884771643644364,-0.40793811735631264,-0.5982076408603745,0.9553907420734362,-0.09313833123312175,0.4311262054201573
1998-06-30,-1.4383801632305853,-0.5549744421550514,-0.9966773026928184,0.6385929167134866,0.03784358286319313,0.3382182497883399
1998-07-31,-0.7127588501641919,-0.4028495818268605,-0.5578042159955262,0.6707868200076843,-0.10314578444104432,0.2838205177833199
1998-08-31,-0.7103549181556312,-0.5611837619788529,-0.6357693400672421,0.2919271354585107,-0.3986959510238654,-0.05338440778267734
1998-09-30,-0.21485919026776357,0.34164110495824296,0.06339095734523967,0.9043135705351567,-0.08141221192609505,0.41145067930453083
1998-10-31,-0.16828243236916343,0.02118209645078819,-0.07355016795918762,0.37893705014145174,-0.12105317580380802,0.12894193716882185
1998-11-30,-1.388179918578024,-0.5264793858473142,-0.9573296522126691,0.2840168731603568,-0.44204516641325353,-0.07901414662644844
1998-12-31,-1.029122458681217,-0.47196233863802206,-0.7505423986596197,1.0862234496488004,-0.047023390984200115,0.5196000293323001
1999-01-31,-0.5964625007948327,-0.1841464825332832,-0.39030449166405795,0.5885235723077381,-0.051665398704116905,0.26842908680181055
1999-02-28,-0.6126247794418862,-0.1435733647645914,-0.3780990721032388,0.7101700946850763,-0.12957866650258718,0.2902957140912446
1999-03-31,-1.5590402131049286,-0.40696817052626755,-0.9830041918155981,0.2402662825921038,-0.15767774987229474,0.041294266359904526
1999-04-30,-1.430712097529204,-0.487386704267586,-0.959049400898395,0.004002388517370226,-0.18227468902619587,-0.08913615025441281
1999-05-31,-0.8980212012019442,-0.14020590786803966,-0.519113554534992,0.2813564840532838,-0.26225646822672505,0.009550007913279387
1999-06-30,-0.5168430045556338,-0.02783780721868908,-0.27234040588716146,0.5959973685720515,-0.12300119225269918,0.23649808815967618
1999-07-31,-0.4475076844502188,0.06911385223297035,-0.18919691610862424,0.3837367408857019,0.004012997261490312,0.1938748690735961
1999-08-31,-1.1589086102761088,0.3595908768140412,-0.3996588667310338,-0.03592649631193681,-0.21601691930021805,-0.1259717078060774
1999-09-30,-0.49177086271640946,0.14166951504472325,-0.17505067383584313,-0.29224110268024933,-0.024404637339779392,-0.15832287001001435
1999-10-31,-0.8594138553448858,-0.07995391798017415,-0.46968388666253,0.20314547373640499,-0.07070629551947635,0.06621958910846429
1999-11-30,-0.8347219593703913,-0.057304461608278186,-0.44601321048933473,0.4544218268886157,0.028352155386098477,0.24138699113735712
1999-12-31,-1.0642113454862832,-0.2538408361218796,-0.6590260908040814,0.05281540118580473,-0.004118710546854445,0.024348345319475138
2000-01-31,-0.1773226714779075,-0.13159824649612556,-0.15446045898701652,0.49794826375820955,-0.06396408912919382,0.21699208731450786
2000-02-29,-0.06567173248883888,0.010775766639855675,-0.027447982924491618,0.4820648665798484,-0.27885570708677265,0.10160457974653787
2000-03-31,-0.17304801633571146,0.0974140960504556,-0.03781696014262792,-0.24028467929910954,-0.12370092355587871,-0.1819928014274941
2000-04-30,-0.5893663269798939,-0.37280533968622154,-0.4810858333330577,0.04418416321241917,-0.20417002342153032,-0.07999293010455559
2000-05-31,0.3086839834948821,-0.5457302408719923,-0.11852312868855512,-0.33390954281505875,-0.10696463929159379,-0.22043709105332623
2000-06-30,0.3852487908954522,-0.5803018557940992,-0.09752653244932348,0.42134726963036706,-0.23807575925467817,0.09163575518784448
2000-07-31,-0.05964853078584059,-0.39211656466559086,-0.22588254772571573,0.6249715152044131,-0.20482543988600316,0.21007303765920496
2000-08-31,0.686019158866857,-0.12217182685758665,0.28192366600463514,0.07439680528050216,-0.1888271346030317,-0.05721516466126474
2000-09-30,-1.1241601566548898,-0.41467136839435553,-0.7694157625246225,-0.2822630268579089,-0.16761556910391814,-0.2249392979809135
2000-10-31,-0.7528813772698079,-0.47050605299628373,-0.6116937151330458,-0.4455517742774655,-0.19546368385125082,-0.3205077290643582
2000-11-30,-1.231563453936116,-0.39709835291260837,-0.8143309034243622,-0.41633714293327234,-0.4244227933891364,-0.4203799681612043
2000-12-31,0.2968213049477649,0.07533560160224051,0.1860784532750027,-0.14559190103177264,-0.06472437129109225,-0.10515813616143245
2001-01-31,0.9465312875881966,0.4028580311661837,0.6746946593771901,0.024053936127972856,-0.22769095017440472,-0.1018185070232159
2001-02-28,-0.5275203972714891,0.4386030226959693,-0.044458687287759965,-0.014235898669572256,-0.2651372186324869,-0.13968655865102958
2001-03-31,0.22731706565459794,0.3799696432744095,0.30364335446450375,-0.007514282793115784,-0.01529528248948837,-0.011404782641302076
2001-04-30,-0.789189920462003,-0.01968197552638901,-0.4044359479941961,-0.3470112705531608,-0.09727176333229137,-0.22214151694272605
2001-05-31,-0.9144286272178974,-0.24075374673099403,-0.5775911869744457,0.0035008325539838897,-0.27799739228474446,-0.13724827986538027
2001-06-30,-1.0789026609740044,-0.3020646919726848,-0.6904836764733447,0.014996433409720455,-0.19342997560886982,-0.0892167710995747
2001-07-31,-0.9759878314841834,-0.5150776636355641,-0.7455327475598736,0.16106511161782905,-0.21458080828883688,-0.026757848335503917
2001-08-31,1.2089984791892467,-0.2119004349209944,0.49854902213412616,0.3365148785101751,-0.11669394424360922,0.1099104671332829
2001-09-30,1.2997082318517144,0.21147836263073244,0.7555932972412234,0.4830210347079523,0.11981138672320887,0.3014162107155806
2001-10-31,0.6223415943247427,-0.22252433414205797,0.19990863009134238,0.7631048221571362,-0.059846145545020824,0.35162933830605764
2001-11-30,0.9369120711420851,-0.2599042360223049,0.33850391755989007,0.7798822324600413,-0.08147351551942045,0.34920435847031045
2001-12-31,-0.18790244295484385,-0.5630452234925029,-0.37547383322367334,0.9480694502314906,0.09594618703010362,0.522007818630797
2002-01-31,1.8138232744962075,-0.13638945671861438,0.8387169088887966,1.0631172803015845,-0.09844839830335346,0.48233444099911554
2002-02-28,0.16241338343061687,-0.533406151142953,-0.18549638385616812,0.12932011348997016,-0.16124085914785818,-0.015960372828944008
2002-03-31,1.2026264433237879,-0.20297977779423895,0.4998233327647745,0.008376705030415089,-0.3600431324772962,-0.17583321372344057
2002-04-30,0.004820522469435459,-0.6483755997114925,-0.32177753862102854,-0.14356265225155396,-0.2908461033766885,-0.21720437781412122
2002-05-31,-0.5638302903488893,-0.6332391491786841,-0.5985347197637868,0.02800400207122256,-0.4399328576184702,-0.2059644277736238
2002-06-30,-0.3667343062786854,-0.7336746814262757,-0.5502044938524805,-0.3089622880836699,-0.40992979794779555,-0.35944604301573274
2002-07-31,-0.14612114819837016,-0.3848799086128262,-0.26550052840559824,-0.22283716780195476,-0.25467283490994264,-0.23875500135594868
2002-08-31,1.2719906051734988,-0.2722941487494986,0.49984822821200015,0.1643825488975307,-0.04278220910818411,0.06080016989467332
2002-09-30,0.44732424530235254,-0.44033816843729606,0.0034930384325281864,0.7593163771493523,-0.09957089781137188,0.3298727396689902
2002-10-31,-0.36700406352414044,-0.3995970076759335,-0.38330053560003696,0.44487433433981105,-0.1700850680346189,0.13739463315259612
2002-11-30,1.3992476988966287,-0.2705758514719534,0.5643359237123377,0.16593216007740846,-0.20413693230536253,-0.019102386113977014
2002-12-31,0.02428418315515001,-0.6106513164292435,-0.2931835666370468,0.6595937597050717,-0.1792674736864425,0.2401631430093146
2003-01-31,-0.25255058133951885,-0.503724800453591,-0.37813769089655497,0.2375675798290404,-0.04607597868299886,0.09574580057302075
2003-02-28,-0.7205397402980233,-0.48590207674417735,-0.6032209085211003,-0.0917404131077843,-0.29596275285276386,-0.1938515829802741
2003-03-31,0.005109576234591755,-0.5944267697204049,-0.2946585967429066,-0.1180102994117165,-0.2956027524495634,-0.20680652593063992
2003-04-30,-0.9796247502046846,-0.6004853657533442,-0.7900550579790145,-0.053359420269752225,-0.2634465443915996,-0.15840298233067593
2003-05-31,1.2405726638754417,-0.12450914710537499,0.5580317583850333,0.09320610235936432,0.04933383725666698,0.07126996980801568
2003-06-30,2.8593201256310437,-0.0815331639347737,1.3888934808481348,0.5619981317308874,-0.13850588893788113,0.2117461213965032
2003-07-31,0.7835628318295242,-0.4523878093338377,0.16558751124784327,0.7483349093862041,0.030471940658544527,0.3894034250223743
2003-08-31,-0.04373159337784341,-0.557645112215487,-0.30068835279666517,0.40465186628657535,-0.2410099803804104,0.08182094295308252
2003-09-30,-0.26280064731159086,-0.5116490541113312,-0.38722485071146107,-0.01598579051653448,-0.2105807638438986,-0.11328327718021654
2003-10-31,-0.38902634397904395,-0.4061384197767811,-0.3975823818779125,0.6471540147198437,-0.1097703878740592,0.2686918134228922
2003-11-30,-0.599406290613641,-0.7189547069713702,-0.6591804987925056,-0.35100450307488723,-0.19909263923441084,-0.275048571154649
2003-12-31,0.837564375665302,-0.4166033088905881,0.21048053338735695,0.07755134731223072,-0.13465298435152837,-0.02855081851964883
2004-01-31,0.9624667956496892,-0.2819205387016699,0.3402731284740096,0.2583996429146245,-0.23053471234856335,0.013932465283030592
2004-02-29,0.5134816910730122,-0.46988732094106017,0.021797185065976016,-0.1860190754100905,-0.2584946057969371,-0.22225684060351378
2004-03-31,0.2555296998237043,-0.3375861704846058,-0.04102823533045075,-0.422572334353649,0.001635039590060404,-0.21046864738179433
2004-04-30,2.054137257670842,-0.22481678470558208,0.91466023648263,-0.308794999731665,-0.31569685411063014,-0.3122459269211476
2004-05-31,1.164446463921492,-0.18858120861169675,0.48793262765489753,-0.36136137010481545,-0.20403864779802874,-0.2827000089514221
2004-06-30,2.6210042622296443,0.0031076218431785067,1.3120559420364115,-0.5117667949301136,-0.3227303089338705,-0.41724855193199206
2004-07-31,1.1195673717291774,-0.4739492559459991,0.32280905789158915,-0.4678657059922338,-0.13665933893805976,-0.30226252246514673
2004-08-31,0.31746411372585576,-0.495509722268582,-0.08902280427136315,-0.22384999452900525,-0.18852344600127482,-0.20618672026514
2004-09-30,0.6773366322698003,-0.4769032192078298,0.10021670653098526,-0.4441455030578373,-0.18685859191518353,-0.31550204748651045
2004-10-31,-0.47559609486225424,-0.8196700001557347,-0.6476330475089944,-0.33137625075830185,-0.34752374508981,-0.3394499979240559
2004-11-30,0.8905356485206525,-0.5386536233679391,0.17594101257635672,-0.7833979028407048,-0.44995842080165976,-0.6166781618211823
2004-12-31,0.273798923437513,-0.5903150363017042,-0.15825805643209562,-0.6769027480839689,-0.26339417400307424,-0.4701484610435216
2005-01-31,0.25761537480121666,-0.5252279022750878,-0.13380626373693555,-0.32506386904133133,-0.39470626158447597,-0.35988506531290365
2005-02-28,0.844806139154081,-0.5218756742133875,0.16146523247034672,-0.36650404024148575,-0.397141605485736,-0.38182282286361086
2005-03-31,1.2488770769613975,-0.46388792122681827,0.39249457786728964,-0.7739938265964521,-0.36796376784504575,-0.570978797220749
2005-04-30,0.881013161564476,-0.3818971250937964,0.2495580182353398,-0.8234717021146151,-0.3066169186315834,-0.5650443103730992
2005-05-31,1.3300695329471397,-0.49070573197685774,0.4196819004851411,-0.5715948021207735,-0.3737641488083386,-0.4726794754645561
2005-06-30,0.9457598924622569,-0.47727748044868484,0.23424120600678602,-0.5133834764070693,-0.3485719924202735,-0.4309777344136714
2005-07-31,0.6490267593252664,-0.4659277754452368,0.09154949194001481,-0.2557233682286488,-0.35518068140962294,-0.30545202481913586
2005-08-31,0.8088483862606167,-0.3947686704730817,0.20703985789376755,-0.6460549659331339,-0.14424832747042257,-0.3951516467017782
2005-09-30,0.8195845637263612,-0.4286531920236373,0.19546568585136195,-0.46123840549054707,-0.2560672485872563,-0.35865282703890167
2005-10-31,0.8112226585958692,-0.4311684267502149,0.19002711592282712,-0.6906689104944964,-0.4848891155076919,-0.5877790130010941
2005-11-30,-0.004545707675663465,-0.3376082359050469,-0.1710769717903552,-0.7829899110447619,-0.3092226035847299,-0.5461062573147458
2005-12-31,0.3451096443822588,-0.32836718645697166,0.00837122896264353,-0.6660311207955456,-0.2826412382389775,-0.4743361795172616
2006-01-31,1.1551398748564343,-0.4148843654762953,0.3701277546900694,-0.3007184349066951,-0.4686585448151508,-0.3846884898609229
2006-02-28,0.2811649171001043,-0.3951356294837602,-0.056985356191827985,-0.844993396258231,-0.4276324234668998,-0.6363129098625654
2006-03-31,0.4672954633410889,-0.46187638745792087,0.0027095379415839832,-0.7801779444076644,-0.4048443251642491,-0.5925111347859567
2006-04-30,0.4150541889885274,-0.5978301130557668,-0.09138796203361967,-0.533530809420452,-0.46924671600629714,-0.5013887627133745
2006-05-31,0.7795559421748741,-0.43654809410694206,0.171503924033966,-0.7972541637708189,-0.4289893425205104,-0.6131217531456646
2006-06-30,1.7226164744363641,-0.03534267598092931,0.8436368992277175,-0.7869234469147237,-0.5219217220177951,-0.6544225844662594
2006-07-31,1.2305551630721294,-0.447424926108383,0.39156511848187325,-0.8748209409163921,-0.30374989633831306,-0.5892854186273526
2006-08-31,1.321407214645015,-0.1624404450652715,0.5794833847898718,-0.9364342732645214,-0.3654544569810504,-0.650944365122786
2006-09-30,0.394667185099149,-0.6323451825593976,-0.11883899873012435,-0.9078834750413558,-0.3411048478563547,-0.6244941614488552
2006-10-31,1.1044959280975581,-0.5264589304696977,0.28901849881393016,-0.6611425292890096,-0.37590474842806737,-0.5185236388585385
2006-11-30,0.37644641233200854,-0.4952821335568565,-0.059417860612424,-0.7030830753248503,-0.36706679034990175,-0.5350749328373761
2006-12-31,0.20136460196322556,-0.4408871378640389,-0.1197612679504066,-0.6823886574242376,-0.4914312094249647,-0.5869099334246011
2007-01-31,1.1418959160009998,-0.28051244166576916,0.4306917371676153,-0.44948197274797075,-0.42251752988823177,-0.4359997513181012
2007-02-28,1.2371322173739343,-0.28251481370649445,0.47730870183372,-0.6364027224759761,-0.5358825931169797,-0.5861426577964778
2007-03-31,0.9936132326390734,-0.2323106591130119,0.3806512867630307,-0.46037564787406393,-0.3475602594065757,-0.40396795364031984
2007-04-30,0.07651132514001176,-0.6799953891468993,-0.30174203200344385,-0.30253772212487523,-0.39025457980070627,-0.34639615096279075
2007-05-31,0.24862964059173503,-0.5183669123458018,-0.1348686358770334,-0.5953580872560672,-0.5706018030526459,-0.5829799451543565
2007-06-30,0.4307271105713391,-0.3877368120865735,0.021495149242382796,-0.6061751620840109,-0.5336447499398252,-0.5699099560119182
2007-07-31,-0.1549609866276354,-0.5444478644289625,-0.349704425528299,-0.5482306120366073,-0.5672791115216061,-0.5577548617791067
2007-08-31,2.024620133806144,0.4511661597960355,1.2378931468010896,-0.47913598943986235,-0.4402765199804767,-0.45970625471016946
2007-09-30,2.5951845215233087,0.2331457901088389,1.414165155816074,-0.8807759259187387,-0.49471221244637825,-0.6877440691825585
2007-10-31,0.740409736243232,0.05683577391715624,0.3986227550801941,-0.7764757895511692,-0.33048828063601393,-0.5534820350935916
2007-11-30,1.0719906051734986,0.21717426087969835,0.6445824330265985,-1.0857273412123596,-0.4943199522115242,-0.7900236467119419
2007-12-31,1.577033655604003,-0.146015813811837,0.7155089208960831,-0.5367154510934583,-0.45264733876656604,-0.4946813949300122
2008-01-31,3.4552809989902076,1.0209512372663532,2.2381161181282803,-0.03268354290540355,-0.12289369968640725,-0.0777886212959054
2008-02-29,2.4405299310161954,0.007662048153820613,1.2240959895850079,-0.45231910151198496,-0.36088746817516804,-0.4066032848435765
2008-03-31,3.6055585150960883,0.578602735943751,2.0920806255199196,-0.8460651315008887,-0.38192560270127657,-0.6139953671010827
2008-04-30,2.386914528773369,0.2616942301445786,1.324304379458974,-0.3984369559744184,-0.25800518668098377,-0.3282210713277011
2008-05-31,0.932876925019356,0.051273211252817745,0.49207506813608687,-0.537544939157125,-0.37410669272563357,-0.4558258159413793
2008-06-30,1.7850547381901254,0.07603235230215552,0.9305435452461405,-0.0969523157627498,-0.33787621449073507,-0.2174142651267424
2008-07-31,0.961310993523013,0.2007620881466092,0.581036540834811,-0.43122895933533695,-0.19445669172952562,-0.31284282553243126
2008-08-31,-0.03360284639539637,0.007697620053478217,-0.012952613170959072,-0.8048542170650198,-0.25869384694600067,-0.5317740320055102
2008-09-30,2.921708119297792,1.375455448129892,2.148581783713842,0.6006269293094083,-0.07031699692372623,0.265154966192841
2008-10-31,3.0220709135576937,1.2825129379724816,2.1522919257650877,0.16955052579695615,0.5344515596149463,0.3520010427059512
2008-11-30,1.408824336279306,0.30589563514941687,0.8573599857143614,1.1780117200446016,0.3435794527880458,0.7607955864163237
2008-12-31,2.4867145315538663,0.6512378214537138,1.5689761765037902,1.0733524133888674,0.28108061303878357,0.6772165132138255
2009-01-31,1.4545001108769207,0.2100919788226079,0.8322960448497643,1.4681890085975262,0.4807138876314456,0.974451448114486
2009-02-28,0.49779705678640196,0.3300167197709091,0.41390688827865557,1.8541310380165943,0.5810710980162737,1.217601068016434
2009-03-31,3.0940338127897564,0.8782851332155268,1.9861594730026417,1.7528519337784865,0.42806896410034406,1.0904604489394152
2009-04-30,1.2345266282282537,0.2734182022659637,0.7539724152471087,1.4803245319864877,0.6913723529625546,1.0858484424745212
2009-05-31,1.5118683744630321,0.11310989861565167,0.812489136539342,0.7570839651283583,0.20340147230629,0.4802427187173242
2009-06-30,2.2244470235570164,0.4063524173774503,1.3153997204672334,1.5230840692472283,0.6130280930315531,1.0680560811393907
2009-07-31,1.1267810243351752,-0.019328171692924466,0.5537264263211255,2.129063077949317,0.407682122128772,1.2683726000390445
2009-08-31,1.2510902836300901,-0.021910717608008244,0.6145897830110408,1.6906713726140068,0.7904301841494239,1.2405507783817153
2009-09-30,0.9931030219380894,0.0853403744835891,0.5392216982108392,1.4861802185212873,0.6272128674493124,1.0566965429853
2009-10-31,1.3057273121775326,0.05017853918001032,0.6779529256787714,1.2445696884906106,0.667537925492301,0.9560538069914557
2009-11-30,1.986216721151805,0.0505740235665595,1.0183953723591823,3.0302175899515955,0.9973855412669457,2.0138015656092705
2009-12-31,2.0300873664689805,0.16554354293473744,1.0978154547018588,2.512577336916389,0.48184220420764234,1.4972097705620155
2010-01-31,2.169437235562783,0.37027681461691314,1.269857025089848,2.125256333965539,0.642781015651177,1.3840186748083578
2010-02-28,1.9191506740203141,0.16265967514539595,1.040905174582855,2.0608475296998607,0.7040718067252902,1.3824596682125754
2010-03-31,1.0435028717425212,0.2916439492588092,0.6675734105006651,1.7162353098312142,0.6108017876002583,1.1635185487157362
2010-04-30,0.8342381262899146,0.40943627998959364,0.621837203139754,1.3223813624233365,0.3871743583354172,0.854777860379377
2010-05-31,0.05156397298216034,0.12049006459989478,0.08602701879102757,0.5043954771457528,0.3057737866383788,0.4050846318920658
2010-06-30,-0.048226491163000956,-0.01528101022977712,-0.03175375069638904,0.852291654717084,0.38038331488507177,0.6163374848010779
2010-07-31,-0.24610660268586038,0.014807346313561377,-0.11564962818614948,1.4455928931895707,0.7700062632547564,1.1077995782221637
2010-08-31,0.40701019904596036,0.21036808319696396,0.3086891411214622,0.9461643581107613,0.8956248057598425,0.9208945819353018
2010-09-30,0.44496911080297663,0.11757140069051894,0.2812702557467478,1.7201955519981489,0.9326689259174191,1.326432238957784
2010-10-31,0.5537829686951145,0.18479764403713458,0.36929030636612453,0.9880624978535921,1.1071002310047102,1.0475813644291512
2010-11-30,1.6954858916129476,1.104932369297225,1.4002091304550863,1.4287324122321654,0.9252604035054866,1.176996407868826
2010-12-31,0.6151206566062687,0.4561727138681032,0.535646685237186,1.1030750099999844,-0.20758149399401787,0.44774675800298325
2011-01-31,0.2786721196501134,-0.2650069866197296,0.006832566515191892,1.2438346483941736,-0.3960178049775137,0.4239084217083299
2011-02-28,-0.4233218948265014,0.09171507965347499,-0.1658034075865132,0.8133351587876405,1.206400365741802,1.0098677622647212
2011-03-31,-0.6386490605288482,0.07522905834817659,-0.28171000109033584,0.20291296737008963,0.4128491060975992,0.3078810367338444
2011-04-30,0.341567685664631,-0.05442202942975836,0.14357282811743635,0.49118943914234725,0.10689259263938074,0.29904101589086407
2011-05-31,-0.3713439006302299,-0.1537577679708169,-0.2625508343005234,-0.17806641965062892,0.053886688617797024,-0.06208986551641593
2011-06-30,0.3432022150283753,0.12136850033057475,0.232285357679475,0.6704927060370498,0.7434901397409424,0.7069914228889961
2011-07-31,-0.6153333384884734,-0.04731163082862627,-0.33132248465854974,1.239432036104171,0.48009215115915943,0.8597620936316652
2011-08-31,1.9732984878175426,0.9535962766716736,1.463447382244608,1.95048333393787,1.1102396226768454,1.5303614783073578
2011-09-30,0.936167054835541,0.5437090504462591,0.7399380526409,1.5471292934372316,1.047318751622521,1.2972240225298763
2011-10-31,-0.26723906672379083,0.14009392321304132,-0.06357257175537476,1.7692797914552583,0.477713970962464,1.1234968812088613
2011-11-30,-0.27147122400261625,0.11989845098804887,-0.0757863865072837,1.6378403080695756,0.6261631581570387,1.1320017331133072
2011-12-31,-0.345284152830969,-0.03189624877713058,-0.18859020080404984,0.9176084741264341,0.26579750904600213,0.5917029915862181
2012-01-31,-0.06699898217706048,-0.22622280674005213,-0.1466108944585563,1.205240649531952,0.5170260102745033,0.8611333299032278
2012-02-29,-0.20435008883281047,-0.05928252891873763,-0.13181630887577406,1.1133893780305426,0.5131145442028611,0.813251961116702
2012-03-31,0.09665474571776293,-0.005981456613763773,0.04533664455199957,0.8233598100105133,0.6796308251028074,0.7514953175566603
2012-04-30,0.04768452865436883,-0.0594050754282018,-0.00586027338691651,0.6373634314808138,0.4321988346681997,0.5347811330745067
2012-05-31,-0.8259311982784211,-0.3450669194999443,-0.5854990588891826,0.6694822396259639,0.1594851301574143,0.4144836848916891
2012-06-30,-0.8071054400242417,0.2232136667742109,-0.2919458866250154,0.9861370655673012,0.8407925479629424,0.9134648067651219
2012-07-31,-0.2908720640721495,0.35158057765271594,0.03035425679028322,0.8661488676851259,0.43195008627240483,0.6490494769787654
2012-08-31,-0.011224876776631391,0.10713099363267493,0.0479530584280218,0.7677598191895759,0.5033890028309214,0.6355744110102487
2012-09-30,0.19901546483669025,0.020551303670421885,0.10978338425355605,0.5597578231821874,0.6749290751543124,0.6173434491682499
2012-10-31,-0.22006167317337533,0.13263247403380082,-0.04371459956978725,0.7115739657463124,1.019462555655834,0.8655182607010731
2012-11-30,-0.6486870998707833,-0.3439062202298265,-0.4962966600503049,0.7771606064195233,0.4384584394468707,0.607809522933197
2012-12-31,0.07459011776488761,-0.030410459292275087,0.02208982923630627,0.1832897180890214,0.1991014803490395,0.19119559921903045
2013-01-31,-0.06438686819027645,0.005534375496844483,-0.029426246346715975,0.367118929716103,0.3296984684746474,0.34840869909537514
2013-02-28,-0.2604226110540212,-0.0485607227498535,-0.15449166690193733,0.2818008896533871,0.2533101170361788,0.267555503344783
2013-03-31,-0.03210716621399236,0.004842592776844338,-0.013632286718574008,0.14343153729231348,0.3418351859005321,0.24263336159642276
2013-04-30,-0.9065808233979298,0.15127405523909482,-0.37765338407941745,-0.011441626926645116,0.566702797111411,0.2776305850923829
2013-05-31,-0.0983007949686478,0.1861544111130242,0.043926808072188184,-0.2687266304803055,0.48329484489320257,0.10728410720644856
2013-06-30,1.2808173797229654,0.3691502991766337,0.8249838394497996,0.07640579597042832,0.6416175652784294,0.3590116806244289
2013-07-31,1.07796075442723,0.5602451970501766,0.8191029757387034,0.251884599086148,0.4984732469312403,0.3751789230086941
2013-08-31,0.3234611934087925,0.7425921779253183,0.5330266856670554,0.48015501172881686,0.141845814983607,0.3110004133562119
2013-09-30,1.425345237761358,0.5130058976875159,0.969175567724437,0.03146115719019639,0.4169970039954972,0.2242290805928468
2013-10-31,0.7447049921331015,0.25649609766270925,0.5006005448979053,-0.024806008823982567,0.3236374263846002,0.14941570878030883
2013-11-30,0.12033548585094296,-0.010164225775803549,0.05508563003756969,-0.1090991656927289,0.3251230470578105,0.1080119406825408
2013-12-31,0.9136816893091201,0.24444891325812454,0.5790653012836223,0.5764911602526885,0.41045534908910886,0.49347325467089875
2014-01-31,0.24626713250468818,0.20317760185736072,0.22472236718102448,0.5250765173085408,0.6844057886382634,0.604741152973402
2014-02-28,0.31767588436131594,0.20726494726081976,0.2624704158110679,0.3470306960126828,0.38574346000751836,0.36638707801010056
2014-03-31,-0.6219544869664038,-0.12869297565069607,-0.3753237313085499,0.07946257981058137,0.16668065444067334,0.12307161712562735
2014-04-30,0.18108151426440774,0.05493860039361722,0.11801005732901251,-0.41663643212145035,0.12600780576603182,-0.1453143131777093
2014-05-31,-0.3938115437705548,0.2552910875905336,-0.0692602280900106,-0.6142045549952421,0.4848030272318482,-0.06470076388169693
2014-06-30,-0.20136115163660817,-0.23867632868815752,-0.22001874016238285,-0.10709331041883415,0.2853530554479463,0.08912987251455606
2014-07-31,-0.10941356939955632,0.11411249043207751,0.002349460516260567,-0.321552768157331,0.03881786500891378,-0.14136745157420863
2014-08-31,-0.22319243914249356,-0.06298346101036868,-0.14308795007643113,-0.2613728132740165,0.09721239730007711,-0.0820802079869697
2014-09-30,0.6105609115364206,0.19995243944739666,0.4052566754919086,-0.351021920945274,0.22812209720951657,-0.06144991186787874
2014-10-31,0.3935877013622466,0.3942934596992459,0.39394058053074626,-0.09233351181127039,0.28998524494873906,0.09882586656873435
2014-11-30,-0.4033933715803414,-0.15735633505567567,-0.2803748533180085,-0.43888632834394947,0.20276074172103292,-0.1180627933114583
2014-12-31,0.4687119166489085,0.08570688730649828,0.2772094019777034,0.0775513473122308,0.20114171081730864,0.13934652906476974
2015-01-31,0.3514071367780364,0.20387265521607256,0.27763989599705446,0.21916731032734857,0.3632911369134619,0.2912292236204052
2015-02-28,-0.22693134394249986,-0.2242298667162849,-0.22558060532939236,-0.5183103511304278,0.178292453547867,-0.17000894879128037
2015-03-31,0.3700298208597731,0.4182361431028341,0.39413298198130364,-0.19631557650647713,0.08679878393077226,-0.054758396287852416
2015-04-30,-0.4278585652639071,-0.13583417880201704,-0.2818463720329621,-0.6699204030524801,0.11668213166975526,-0.27661913569136237
2015-05-31,-0.3432717159711754,-0.031291129467773474,-0.18728142271947443,-0.2551391059182418,0.06509456211496552,-0.09502227190163814
2015-06-30,0.84341917660207,0.09748345813384834,0.4704513173679592,-0.4446714405912415,0.11458095359295851,-0.1650452434991415
2015-07-31,0.26498462948835544,-0.008011936235938747,0.1284863466262083,0.005160769234786608,0.22150000340537582,0.11333038632008123
2015-08-31,0.3827330357002508,0.18401284213196023,0.2833729389161055,-0.48143036900165853,0.06352478177327477,-0.20895279361419186
2015-09-30,0.5635266553302383,0.32906631806778913,0.44629648669901373,0.019183335979165085,0.11294545913512871,0.06606439755714691
2015-10-31,-0.28873502770546017,0.08651064035096409,-0.10111219367724802,-0.541961839521266,-0.136076451224083,-0.33901914537267447
2015-11-30,1.015536216188989,0.056971562930327284,0.5362538895596581,-0.5639373240006557,0.03699382237205013,-0.26347175081430274
2015-12-31,2.1510741859965785,0.3547618760032946,1.2529180309999366,-0.07108160510714114,0.17508991021155623,0.052004152552207576
2016-01-31,0.6509469781418477,-0.18531965157081048,0.23281366328551856,-0.48535095113537063,-0.0016057426141765005,-0.24347834687477354
2016-02-29,0.6096585722302821,-0.28991409300187143,0.15987223961420535,-0.4686835614117527,-0.1809712394468843,-0.3248274004293185
2016-03-31,-0.549110312257694,-0.3033442379032199,-0.42622727508045694,-0.617164650080861,-0.13979535894792122,-0.3784800045143911
2016-04-30,0.5294474340588989,-0.19291765979854167,0.16826488713017865,-0.8623050492186388,-0.0357995425510495,-0.4490522958848442
2016-05-31,-0.3133549402053525,-0.3985343276793603,-0.35594463394235637,-0.7265599806794703,0.3262606308298788,-0.20014967492479577
2016-06-30,1.0928074694686236,0.28820618400135845,0.6905068267349911,-0.7595437663331325,0.13359520430848615,-0.31297428101232316
2016-07-31,-0.8978111233470911,-0.5392799020307311,-0.7185455126889111,-0.7089505237237981,-0.33487466587924836,-0.5219125948015232
2016-08-31,0.07572892293050773,-0.12131502672049871,-0.022793051894995496,-0.3441751266654275,-0.008899105814547144,-0.17653711623998733
2016-09-30,0.5143789009425773,-0.05787027475115654,0.2282543130957104,-0.4208637587687058,-0.1660206727721797,-0.29344221577044277
2016-10-31,-0.09948214318367193,-0.1688825501469936,-0.13418234666533277,-0.6820474030600595,-0.3129696142416691,-0.4975085086508643
2016-11-30,0.5521324491451298,-0.09465020997065805,0.2287411195872359,-0.4845925894393098,-0.10317053692548206,-0.29388156318239594
2016-12-31,2.050147601760529,0.0036822078539576805,1.0269149048072432,-0.26302621980816665,0.09824138096355836,-0.08239241942230413
2017-01-31,1.037050846137354,-0.4458086329788033,0.2956211065792754,-0.01890003197541177,-0.08598655520874231,-0.05244329359207701
2017-02-28,0.5012693995760819,-0.31722758882919644,0.09202090537344271,-0.272551883731197,-0.2861846029729683,-0.27936824335208266
2017-03-31,1.1704493540402254,-0.09584671541216108,0.5373013193140322,-0.3657998706774548,0.08395108055527825,-0.14092439506108825
2017-04-30,0.538080902964085,-0.22499670440741917,0.1565420992783329,-0.5729895890509761,-0.10155742453804836,-0.3372735067945122
2017-05-31,-0.24468916342620725,-0.12132428091908225,-0.1830067221726448,0.4915228653950459,-0.040841955268487246,0.22534045506327932
2017-06-30,-0.11304095479043266,-0.1319256691949005,-0.12248331199266663,-0.05755781912038461,-0.14513217615552773,-0.10134499763795614
2017-07-31,0.37199060517349836,-0.0308933906314152,0.17054860727104154,-0.5757273412123597,-0.18748183709048677,-0.38160458915142315
2017-08-31,-0.3631445299616363,-0.20087898821247455,-0.2820117590870554,0.1565120410270229,-0.056764145069879056,0.04987394797857194
2017-09-30,0.4404975662872771,-0.2724634809878168,0.08401704264973009,0.14657222671850964,-0.07080669454984488,0.03788276608433241
2017-10-31,0.7710697948604232,-0.1661937694382876,0.3024380127110678,-0.5286739342142011,-0.11746695376391512,-0.3230704439890581
2017-11-30,0.7237164681049646,-0.02380345136682567,0.34995650836906944,-0.4250770160497781,0.17873249690680612,-0.12317225957148596
2017-12-31,-0.05765948690753272,-0.5934968103776922,-0.3255781486426124,-0.02222826202267259,-0.24815475490626174,-0.13519150846446717
2018-01-31,-0.33996147598065873,-0.3702701297472551,-0.3551158028639569,0.011034781584616958,0.08752862114237321,0.0492817013634951
2018-02-28,0.11499244679412475,0.05838166182478592,0.08668705430945536,0.11128923337327587,0.1679693431029614,0.13962928823811863
2018-03-31,0.32665298459472064,-0.3977125231733975,-0.03552976928933846,-0.2787820035917807,-0.13073336734624552,-0.20475768546901307
2018-04-30,-0.26047692729403393,-0.5327178485854802,-0.3965973879397571,-0.4703160858011041,-0.24753282131472576,-0.3589244535579149
2018-05-31,-0.8941550801537723,-0.5494285512064582,-0.7217918156801153,-0.0169085479945893,-0.35720790743767517,-0.18705822771613226
2018-06-30,-0.27246324749373274,-0.36015463124654884,-0.31630893937014076,0.3064487807182077,-0.07255943894308518,0.11694467088756126
2018-07-31,-0.15534971250139168,-0.39874181951801474,-0.2770457660097032,-0.48375370146920305,-0.20796168975884485,-0.34585769561402396
2018-08-31,0.03404804824227973,-0.49908295247388673,-0.2325174521158035,-0.02599968393926339,-0.18922479366999892,-0.10761223880463112
2018-09-30,-0.2163814878497572,-0.5035244416222652,-0.3599529647360112,0.41380754250857077,0.004372862902724151,0.20909020270564746
2018-10-31,0.8376979985509321,-0.3876579605307268,0.2250200190101026,0.22297321098228426,-0.06592448799986009,0.07852436149121207
2018-11-30,-0.6672084594274955,-0.4935743709402741,-0.5803914151838847,0.3789204225993913,-0.244609701432535,0.06715536058342814
2018-12-31,0.7551933184050854,-0.16165738147573702,0.2967679684646742,0.4283585472334902,-0.21190484874447982,0.10822684924450522
2019-01-31,0.7502514747387158,-0.27813084977681024,0.2360603124809528,-0.12037617064379771,-0.08879201971678237,-0.10458409518029006
2019-02-28,-0.43332340448833717,-0.6353805402209808,-0.534351972354659,-0.8078529450770938,-0.2312362476384898,-0.5195445963577918
2019-03-31,0.2795094021659795,-0.37907248565159835,-0.04978154174280943,-0.6200219011415944,-0.29524212769602787,-0.45763201441881113
2019-04-30,0.4113845445674384,-0.1181031453288547,0.14664069961929183,-0.6226970381820564,-0.3333933746276401,-0.4780452064048482
2019-05-31,0.3714309839939894,-0.20031766960332248,0.08555665719533344,-0.04686380268459369,0.07151824079597591,0.0123272190556911
2019-06-30,0.7742947526389365,0.20061547659957837,0.4874551146192574,-0.1589070647146636,-0.2504433850763409,-0.20467522489550224
2019-07-31,1.362665922655795,-0.0424228186191577,0.6601215520183186,-0.0285322626824706,-0.015087855308841578,-0.02181005899565611
2019-08-31,1.29853927773987,0.5586557842885896,0.9285975310142299,-0.5752848633362534,0.33589445566044457,-0.11969520383790444
2019-09-30,0.30764825548386066,-0.07793237546572657,0.11485794000906704,-0.04931938507081632,-0.19364234878533723,-0.12148086692807679
2019-10-31,-0.09463738959658761,-0.2726750257245044,-0.18365620766054605,-0.5913517081902427,-0.25201062737804464,-0.42168116778414366
2019-11-30,-0.8241540878298333,-0.3127879954669228,-0.568471041648378,-0.6310105396892753,-0.060009420181122416,-0.3455099799351989
2019-12-31,-1.097502273836218,-0.2367770414732494,-0.6671396576547337,-0.09522022022207603,-0.007265101831934861,-0.051242661027005455
2020-01-31,-1.9981883253898318,-0.2642579450165488,-1.1312231352031905,-0.08362993497985345,-0.15142345586687064,-0.11752669542336205
2020-02-29,1.3957019453796842,-0.08521066655165413,0.6552456394140149,-0.17933558863503993,-0.0067181077308782365,-0.09302684818295906
2020-03-31,3.635626968809862,1.2289427481762323,2.432284858493047,1.5614490585468213,0.8991944027545902,1.230321730650706
2020-04-30,1.3425469145357776,0.5258849530718678,0.9342159338038228,2.1820067157754286,1.7045494350860637,1.943278075430746
2020-05-31,0.8008834150543985,0.30239299410064563,0.5516382045775221,2.3766105502741866,1.5220039436429502,1.9493072469585684
2020-06-30,0.6249584348064847,0.27064450610611224,0.4478014704562984,2.3975168817146906,1.2002102960436034,1.798863588879147
2020-07-31,-2.7280093948265014,0.23899339927050747,-1.244507997777997,2.4749170758288908,1.3043249002182928,1.889620988023592
2020-08-31,-2.7280093948265014,-0.08496935269769204,-1.4064893737620967,1.145773017725185,0.9761027405376745,1.06093787913143
2020-09-30,-2.7280093948265014,0.196607641698591,-1.2657008765639552,1.4591680342052593,0.6846638539686852,1.0719159440869723
2020-10-31,-2.7280093948265014,-0.10043028894237628,-1.414219841884439,0.7269404729012376,0.7857667045471127,0.7563535887241752
2020-11-30,-2.7280093948265014,0.21232669727574005,-1.2578413487753808,0.5674749519899337,0.44183863691705455,0.5046567944534941
2020-12-31,-2.7280093948265014,0.017931878854200816,-1.3550387579861505,0.662132977308169,0.6736300570387334,0.6678815171734511
2021-01-31,-0.09771226866965763,-0.08735923921375902,-0.09253575394170833,0.5148961366249518,0.49364654928520063,0.5042713429550761
2021-02-28,-0.1678455443400706,0.061371332697998104,-0.053237105821036246,1.295266002361629,0.34984553649025607,0.8225557694259423
2021-03-31,0.34474252564344904,0.09075887387799192,0.2177506997607205,0.5336490708978983,0.5054559987044916,0.5195525348011949
2021-04-30,0.15571153540605634,-0.025591873540716584,0.0650598309326699,0.3672959146015937,0.20392006610059799,0.2856079903510958
2021-05-31,0.2570652320391707,0.03421484826180161,0.14564004015048612,-0.03418505265514533,0.23586387344226356,0.1008394103935591
2021-06-30,0.9110007944020283,0.3977788491168263,0.6543898217594273,0.6032391798938995,0.2489438737406787,0.4260915268172891
2021-07-31,-0.011136182243088573,0.40846462734421785,0.19866422255056462,-0.15280074445354153,-0.008635746762007658,-0.08071824560777459
2021-08-31,0.28065965157839357,0.06765837527317074,0.17415901342578216,0.11007072100079678,0.03780432067817404,0.07393752083948542
2021-09-30,0.5174267106501719,0.26695071961254707,0.39218871513135944,-0.508688801658607,0.18009797705656513,-0.16429541230102093
2021-10-31,0.2585031292582769,0.1047644761188885,0.1816338026885827,-0.9550144317711263,-0.29317456463195385,-0.6240944982015401
2021-11-30,1.0083683944833064,0.4087781003479229,0.7085732474156146,-0.2207973982959092,0.19814919491881486,-0.01132410168854721
2021-12-31,2.588964020306423,0.4288758558305903,1.5089199380685065,0.5748861557201558,0.17322797812030677,0.3740570669202313
2022-01-31,1.680697801887008,0.2414561298384059,0.9610769658627069,0.07783469380680337,-0.017432418920767908,0.030201137443017737
2022-02-28,1.7760777986339893,0.17473899509672702,0.9754083968653582,-0.5349916463894713,-0.41213405523617797,-0.4735628508128246
2022-03-31,1.816550904209501,0.35196636537034115,1.084258634789921,-0.5571261214602446,-0.2365126994860954,-0.39681941047317004
2022-04-30,2.2435815142644078,0.33953696363285374,1.2915592389486308,-0.021181886666904997,0.06279518082032674,0.020806647076710864
2022-05-31,2.556671322380168,0.5754538479346683,1.566062585157418,-0.027079967824501505,-0.19696844840080638,-0.11202420811265391
2022-06-30,3.4788871568976365,0.7373345204536388,2.1081108386756373,0.5313259503236907,-0.0221645289160358,0.25458071070382743
2022-07-31,3.577455341278123,0.6876773372459669,2.132566339262045,0.7497514070361226,0.08805098846560544,0.41890119775086404
2022-08-31,1.1104311634921251,0.4199778900750471,0.7652045267835861,0.12731292832077062,-0.11975128433842648,0.003780821991172069
2022-09-30,3.1938383290891696,0.5633953570212736,1.8786168430552215,0.24822190009286407,-0.0035305053376364563,0.1223456973776138
2022-10-31,2.4742631768758736,0.41718125501515774,1.4457222159455159,-0.3110742734687311,-0.3511448229719993,-0.3311095482203652
2022-11-30,1.554321877374525,0.4013423875865057,0.9778321324805155,-0.5285164479088468,-0.1745434000449069,-0.3515299239768768
2022-12-31,2.2167817717601523,0.41913648973628814,1.3179591307482204,0.09856454548951277,-0.062325295506477696,0.01811962499151751
2023-01-31,3.4935384048700087,0.6884058133779665,2.0909721091239875,0.7021937513521322,0.02334906292343455,0.3627714071377834
2023-02-28,6.417719248389579,0.84350151749229,3.6306103829409344,0.636081704013771,0.24940329927499075,0.44274250164438084
2023-03-31,7.651051977014655,1.376688985518858,4.513870481266756,-0.507315788865789,-0.12433059523537769,-0.31582319205058335
2023-04-30,1.6383883270529487,0.20239973953616305,0.9203940332945558,-0.5866670659394597,-0.1552329438138697,-0.37095000487666463
2023-05-31,2.301004144825336,0.5616194045361307,1.4313117746807333,0.3052204344162672,0.17782254319615118,0.2415214888062092
2023-06-30,1.3967390961191728,0.5712393543584725,0.9839892252388226,-0.16637120439143402,0.02855052179901486,-0.06891034129620958
2023-07-31,1.9444131546910204,0.391519814552165,1.1679664846215927,0.1533991189196874,0.001261069346872751,0.07733009413328008
2023-08-31,1.0936466561289127,0.29828834260860465,0.6959674993687586,0.43007863624966897,0.4642476924818862,0.4471631643657776
2023-09-30,1.298836242757391,0.36152016873567244,0.8301782057465317,0.02956434696523468,0.10259186090059498,0.06607810393291484
2023-10-31,1.9778729581146755,0.2730703501191806,1.125471654116928,-0.4981058578364003,-0.23224199138966445,-0.3651739246130324
2023-11-30,0.3220995376353721,0.6972380981046565,0.5096688178700143,0.18059074157631133,0.039378024094093994,0.10998438283520265
2023-12-31,1.4024253877821942,0.26715920043365166,0.834792294107923,-0.0952925586036639,-0.05562433800580692,-0.07545844830473541
